year,country,country_code,"12.4.2 - Total waste generation, by activity (Tonnes) - EN_TWT_GENV - Agriculture, forestry and fishing",households_tonnes,construction_tonnes,manufacturing_tonnes,"12.4.2 - Total waste generation, by activity (Tonnes) - EN_TWT_GENV - Electricity, gas, steam and air conditioning supply","12.4.2 - Total waste generation, by activity (Tonnes) - EN_TWT_GENV - Mining and quarrying",services_tonnes,total_waste_tonnes,population_millions,waste_per_capita_kg,recycling_rate
2000,Algeria,DZA,,,,,,,,5200000.0,43.9,118.45102505694761,
2001,Algeria,DZA,,,,,,,,5200000.0,43.9,118.45102505694761,
2002,Algeria,DZA,,5200000.0,,,,,,5200000.0,43.9,118.45102505694761,
2003,Algeria,DZA,,,,,,,,6300000.0,43.9,143.50797266514806,
2004,Algeria,DZA,,,,,,,,7400000.0,43.9,168.56492027334852,
2005,Algeria,DZA,,8500000.0,,,,,,8500000.0,43.9,193.62186788154898,
2006,Algeria,DZA,,,,,,,,8775000.0,43.9,199.88610478359908,
2007,Algeria,DZA,,,,,,,,9050000.0,43.9,206.1503416856492,
2008,Algeria,DZA,,,,,,,,9325000.0,43.9,212.4145785876993,
2009,Algeria,DZA,,9600000.0,,,,,,9600000.0,43.9,218.67881548974944,
2010,Algeria,DZA,,,,,,,,9775583.4,43.9,222.67843735763097,
2011,Algeria,DZA,,,,,,,,9951166.8,43.9,226.67805922551253,
2012,Algeria,DZA,,,,,,,,10126750.2,43.9,230.67768109339409,
2013,Algeria,DZA,,,,,,,,10302333.6,43.9,234.67730296127561,
2014,Algeria,DZA,,10477917.0,,,,,,10477917.0,43.9,238.67692482915717,
2015,Algeria,DZA,,10857376.0,,,,,,10857376.0,43.9,247.32063781321185,
2016,Algeria,DZA,,11273867.0,,,,,,11273867.0,43.9,256.8079043280182,
2017,Algeria,DZA,,11700525.0,,,,,,11700525.0,43.9,266.5267653758542,
2018,Algeria,DZA,,12137564.0,,,,,,12137564.0,43.9,276.48209567198177,
2019,Algeria,DZA,,8270000.0,,,,,4340000.0,12610000.0,43.9,287.24373576309796,
2020,Algeria,DZA,,7730000.0,,,,,3090000.0,10820000.0,43.9,246.46924829157174,
2021,Algeria,DZA,,7850000.0,,,,,3170000.0,11020000.0,43.9,251.0250569476082,
1990,Austria,AUT,,,,,,,,,,,11.358
1991,Austria,AUT,,,,,,,,,,,18.448
1992,Austria,AUT,,,,,,,,,,,20.581
1993,Austria,AUT,,,,,,,,,,,22.145
1994,Austria,AUT,,,,,,,,,,,26.856
1995,Austria,AUT,,,,,,,,,,,21.382
1996,Austria,AUT,,,,,,,,,,,20.456
1997,Austria,AUT,,,,,,,,,,,21.352
1998,Austria,AUT,,,,,,,,,,,22.376
1999,Austria,AUT,,,,,,,,,,,22.965
2000,Austria,AUT,,,,,,,,,,,23.798
2001,Austria,AUT,,,,,,,,,,,23.689
2002,Austria,AUT,,,,,,,,,,,23.128
2003,Austria,AUT,,,,,,,,,,,22.424
2004,Austria,AUT,468629.0,3441041.0,27935266.0,15072970.0,365184.0,621924.0,,46449277.0,8.9,5219.019887640449,24.13
2005,Austria,AUT,,,,,,,,46476458.0,8.9,5222.07393258427,25.638
2006,Austria,AUT,512872.0,3711839.0,31321626.0,11470174.0,2017095.0,1042516.0,,46503639.0,8.9,5225.12797752809,26.033
2007,Austria,AUT,,,,,,,,47394775.0,8.9,5325.255617977528,27.123
2008,Austria,AUT,459096.0,3819277.0,31389804.0,13076830.0,568962.0,677937.0,,48285911.0,8.9,5425.383258426967,30.192
2009,Austria,AUT,,,,,,,,38397048.5,8.9,4314.275112359551,31.162
2010,Austria,AUT,550439.0,4622626.0,20927070.0,2958490.0,453221.0,269151.0,,28508186.0,8.9,3203.166966292135,27.767
2011,Austria,AUT,,,,,,,,34816631.5,8.9,3911.98106741573,24.734
2012,Austria,AUT,179044.0,4020113.0,33468558.0,3636406.0,621680.0,51339.0,,41125077.0,8.9,4620.7951685393255,24.755
2013,Austria,AUT,,,,,,,,45478123.5,8.9,5109.901516853933,25.348
2014,Austria,AUT,128124.0,4170023.0,40265570.0,5395577.0,531191.0,43232.0,,49831170.0,8.9,5599.007865168539,26.342
2015,Austria,AUT,,,,,,,,52327657.0,8.9,5879.51202247191,26.238
2016,Austria,AUT,129834.0,4268278.0,44914816.0,5641050.0,516385.0,39305.0,,54824144.0,8.9,6160.016179775281,
2017,Austria,AUT,,,,,,,,56914261.0,8.9,6394.860786516854,
2018,Austria,AUT,139870.0,4407376.0,48883068.0,5713934.0,504425.0,56454.0,,59004378.0,8.9,6629.705393258427,
2019,Austria,AUT,,,,,,,,60738124.0,8.9,6824.508314606742,
2020,Austria,AUT,168233.0,4630301.0,52701740.0,5139829.0,401164.0,40942.0,,62471870.0,8.9,7019.311235955056,
1990,Belgium,BEL,,,,,,,,,,,5.125
1991,Belgium,BEL,,,,,,,,,,,5.308
1992,Belgium,BEL,,,,,,,,,,,6.135
1993,Belgium,BEL,,,,,,,,,,,7.301
1994,Belgium,BEL,,,,,,,,,,,9.37
1995,Belgium,BEL,,,,,,,,,,,11.36
1996,Belgium,BEL,,,,,,,,,,,14.658
1997,Belgium,BEL,,,,,,,,,,,17.702
1998,Belgium,BEL,,,,,,,,,,,22.723
1999,Belgium,BEL,,,,,,,,,,,25.538
2000,Belgium,BEL,,,,,,,,,,,25.434
2001,Belgium,BEL,,,,,,,,,,,28.101
2002,Belgium,BEL,,,,,,,,,,,28.449
2003,Belgium,BEL,,,,,,,,,,,27.833
2004,Belgium,BEL,1186648.0,5325207.0,11037080.0,18177314.0,989669.0,384179.0,,34539601.0,11.5,3003.443565217391,28.137
2005,Belgium,BEL,,,,,,,,33840993.0,11.5,2942.6950434782607,29.819
2006,Belgium,BEL,361827.0,4745161.0,13089651.0,15307573.0,1285396.0,159059.0,,33142385.0,11.5,2881.9465217391303,32.084
2007,Belgium,BEL,,,,,,,,31566868.0,11.5,2744.9450434782607,31.922
2008,Belgium,BEL,287656.0,4459161.0,15441861.0,10090329.0,1086721.0,503487.0,,29991351.0,11.5,2607.943565217391,33.712
2009,Belgium,BEL,,,,,,,,33516736.5,11.5,2914.4988260869563,35.156
2010,Belgium,BEL,225622.0,5862032.0,16852672.0,14327418.0,1209045.0,1701199.0,,37042122.0,11.5,3221.0540869565216,34.891
2011,Belgium,BEL,,,,,,,,36212947.0,11.5,3148.9519130434783,35.393
2012,Belgium,BEL,165463.0,5294743.0,17132768.0,12956261.0,1301037.0,81147.0,,35383772.0,11.5,3076.849739130435,33.92
2013,Belgium,BEL,,,,,,,,36738595.0,11.5,3194.6604347826087,32.617
2014,Belgium,BEL,311835.0,5419042.0,18347256.0,14327120.0,1112588.0,65728.0,,38093418.0,11.5,3312.4711304347825,33.776
2015,Belgium,BEL,,,,,,,,38705881.5,11.5,3365.7288260869564,35.093
2016,Belgium,BEL,269190.0,5041207.0,19573150.0,14703988.0,780913.0,37301.0,,39318345.0,11.5,3418.9865217391302,
2017,Belgium,BEL,,,,,,,,41855727.0,11.5,3639.6284347826086,
2018,Belgium,BEL,362508.0,4885123.0,22658152.0,16849834.0,788497.0,35535.0,,44393109.0,11.5,3860.270347826087,
2019,Belgium,BEL,,,,,,,,42343364.5,11.5,3682.0316956521738,
2020,Belgium,BEL,417301.0,5342390.0,20727608.0,14223622.0,997441.0,16171.0,,40293620.0,11.5,3503.7930434782606,
2000,Benin,BEN,844500.0,,,,,,,0.0,12.1,0.0,
2001,Benin,BEN,861500.0,,,,,,,0.0,12.1,0.0,
2002,Benin,BEN,1135000.0,,,,,,,0.0,12.1,0.0,
2003,Benin,BEN,,,,,,,,0.0,12.1,0.0,
2004,Benin,BEN,,,,,,,,0.0,12.1,0.0,
2005,Benin,BEN,,,,,,,,0.0,12.1,0.0,
2006,Benin,BEN,,,,,,,,0.0,12.1,0.0,
2007,Benin,BEN,,,,,,,,0.0,12.1,0.0,
2008,Benin,BEN,,,,,,,,0.0,12.1,0.0,
2009,Benin,BEN,,,,,,,,0.0,12.1,0.0,
2010,Benin,BEN,,,,,,,,0.0,12.1,0.0,
2011,Benin,BEN,,,,,,,,0.0,12.1,0.0,
2012,Benin,BEN,,,,,,,,0.0,12.1,0.0,
2013,Benin,BEN,,,,,,,,0.0,12.1,0.0,
2014,Benin,BEN,,,,,,,,0.0,12.1,0.0,
2015,Benin,BEN,,,,,,,,0.0,12.1,0.0,
2016,Benin,BEN,,,,,,,,0.0,12.1,0.0,
2017,Benin,BEN,,,,,,,,0.0,12.1,0.0,
2018,Benin,BEN,,,,,,,,0.0,12.1,0.0,
2019,Benin,BEN,,,,,,,,0.0,12.1,0.0,
2020,Benin,BEN,,,,,,,,0.0,12.1,0.0,
2021,Benin,BEN,,,,,,,,0.0,12.1,0.0,
2000,Botswana,BWA,,,,5030.0,,,3215.65,8245.65,2.4,3.4356875,
2001,Botswana,BWA,,396691.6,,4096.0,,,4258.33,405045.93,2.4,168.7691375,
2002,Botswana,BWA,,403424.1,,5173.0,,,4376.4,412973.5,2.4,172.07229166666667,
2003,Botswana,BWA,,409177.1,,4069.0,,,4520.42,417766.51999999996,2.4,174.06938333333332,
2004,Botswana,BWA,,413957.4,,5492.0,,,4641.38,424090.78,2.4,176.70449166666666,
2005,Botswana,BWA,,417771.4,,4590.0,,,736.0,423097.4,2.4,176.29058333333333,
2006,Botswana,BWA,,420625.0,,,,,,420625.0,2.4,175.26041666666666,
2007,Botswana,BWA,,424635.6,,,,,,424635.6,2.4,176.9315,
2008,Botswana,BWA,,429245.4,,,,,,429245.4,2.4,178.85225,
2009,Botswana,BWA,,434441.6,,,,,,434441.6,2.4,181.01733333333334,
2010,Botswana,BWA,,,,,,,,434441.6,2.4,181.01733333333334,
2011,Botswana,BWA,,,,,,,,434441.6,2.4,181.01733333333334,
2012,Botswana,BWA,,,,,,,,434441.6,2.4,181.01733333333334,
2013,Botswana,BWA,,,,,,,,434441.6,2.4,181.01733333333334,
2014,Botswana,BWA,,,,,,,,434441.6,2.4,181.01733333333334,
2015,Botswana,BWA,,,,,,,,434441.6,2.4,181.01733333333334,
2016,Botswana,BWA,,,,,,,,434441.6,2.4,181.01733333333334,
2017,Botswana,BWA,,,,,,,,434441.6,2.4,181.01733333333334,
2018,Botswana,BWA,,,,,,,,434441.6,2.4,181.01733333333334,
2019,Botswana,BWA,,,,,,,,434441.6,2.4,181.01733333333334,
2020,Botswana,BWA,,,,,,,,434441.6,2.4,181.01733333333334,
2021,Botswana,BWA,,,,,,,,434441.6,2.4,181.01733333333334,
2000,Burkina Faso,BFA,,424500.0,,,,,,424500.0,20.9,20.311004784688997,
2001,Burkina Faso,BFA,,452400.0,,,,,,452400.0,20.9,21.645933014354068,
2002,Burkina Faso,BFA,,482300.0,,,,,,482300.0,20.9,23.076555023923444,
2003,Burkina Faso,BFA,,514300.0,,,,,,514300.0,20.9,24.607655502392344,
2004,Burkina Faso,BFA,,548500.0,,,,,,548500.0,20.9,26.24401913875598,
2005,Burkina Faso,BFA,,585000.0,,,,,,585000.0,20.9,27.99043062200957,
2006,Burkina Faso,BFA,,624000.0,,,,,,624000.0,20.9,29.85645933014354,
2007,Burkina Faso,BFA,,665700.0,,,,,,665700.0,20.9,31.851674641148325,
2008,Burkina Faso,BFA,,710400.0,,,,,,710400.0,20.9,33.99043062200957,
2009,Burkina Faso,BFA,,758100.0,,,,,,758100.0,20.9,36.27272727272727,
2010,Burkina Faso,BFA,,,,,,,,611880.0,20.9,29.276555023923446,
2011,Burkina Faso,BFA,,,,,,,,465660.0,20.9,22.280382775119616,
2012,Burkina Faso,BFA,,,,,,,,319440.0,20.9,15.284210526315789,
2013,Burkina Faso,BFA,,,,,,,,173220.0,20.9,8.288038277511962,
2014,Burkina Faso,BFA,,,,27000.0,,,,27000.0,20.9,1.291866028708134,
2015,Burkina Faso,BFA,,,,,,,,27000.0,20.9,1.291866028708134,
2016,Burkina Faso,BFA,,,,,,,,27000.0,20.9,1.291866028708134,
2017,Burkina Faso,BFA,,,,,,,,27000.0,20.9,1.291866028708134,
2018,Burkina Faso,BFA,,,,,,,,27000.0,20.9,1.291866028708134,
2019,Burkina Faso,BFA,,,,,,,,27000.0,20.9,1.291866028708134,
2020,Burkina Faso,BFA,,,,,,,,27000.0,20.9,1.291866028708134,
2021,Burkina Faso,BFA,,,,,,,,27000.0,20.9,1.291866028708134,
2000,Burundi,BDI,,,,,,,,13100.0,11.9,1.1008403361344539,
2001,Burundi,BDI,,13100.0,,,,,,13100.0,11.9,1.1008403361344539,
2002,Burundi,BDI,,22900.0,,,,,,22900.0,11.9,1.9243697478991597,
2003,Burundi,BDI,,18200.0,,,,,,18200.0,11.9,1.5294117647058822,
2004,Burundi,BDI,,18200.0,,,,,,18200.0,11.9,1.5294117647058822,
2005,Burundi,BDI,,13200.0,,,,,,13200.0,11.9,1.1092436974789917,
2006,Burundi,BDI,,13800.0,,,,,,13800.0,11.9,1.1596638655462186,
2007,Burundi,BDI,,10800.0,,,,,,10800.0,11.9,0.907563025210084,
2008,Burundi,BDI,,15600.0,,,,,,15600.0,11.9,1.3109243697478992,
2009,Burundi,BDI,,13800.0,,,,,,13800.0,11.9,1.1596638655462186,
2010,Burundi,BDI,,7200.0,,,,,,7200.0,11.9,0.6050420168067226,
2011,Burundi,BDI,,39000.0,,,,,,39000.0,11.9,3.277310924369748,
2012,Burundi,BDI,,8309.3,,,,,,8309.3,11.9,0.6982605042016806,
2013,Burundi,BDI,,29607.4,,,,,,29607.4,11.9,2.488016806722689,
2014,Burundi,BDI,,24622.4,,,,,,24622.4,11.9,2.069109243697479,
2015,Burundi,BDI,,59356.8,,,,,,59356.8,11.9,4.987966386554622,
2016,Burundi,BDI,,44736.0,,,,,,44736.0,11.9,3.759327731092437,
2017,Burundi,BDI,,39098.5,,,,,,39098.5,11.9,3.2855882352941177,
2018,Burundi,BDI,,17301.0,,,,,,17301.0,11.9,1.4538655462184873,
2019,Burundi,BDI,,24420.0,,,,,,24420.0,11.9,2.0521008403361343,
2020,Burundi,BDI,,,,,,,,24420.0,11.9,2.0521008403361343,
2021,Burundi,BDI,,,,,,,,24420.0,11.9,2.0521008403361343,
2000,Cape Verde,CPV,,,,,,,,204976.0,0.56,366.0285714285714,
2001,Cape Verde,CPV,,,,,,,,204976.0,0.56,366.0285714285714,
2002,Cape Verde,CPV,,,,,,,,204976.0,0.56,366.0285714285714,
2003,Cape Verde,CPV,,101000.0,100000.0,,,,3976.0,204976.0,0.56,366.0285714285714,
2004,Cape Verde,CPV,,,,,,,,197031.7125,0.56,351.84234375,
2005,Cape Verde,CPV,,,,,,,,189087.425,0.56,337.6561160714286,
2006,Cape Verde,CPV,,,,,,,,181143.1375,0.56,323.4698883928571,
2007,Cape Verde,CPV,,,,,,,,173198.85,0.56,309.2836607142857,
2008,Cape Verde,CPV,,,,,,,,165254.5625,0.56,295.0974330357143,
2009,Cape Verde,CPV,,,,,,,,157310.27500000002,0.56,280.91120535714293,
2010,Cape Verde,CPV,,,,,,,,149365.98750000002,0.56,266.72497767857146,
2011,Cape Verde,CPV,,141421.7,,,,,,141421.7,0.56,252.53875,
2012,Cape Verde,CPV,,,,,,,,148725.27500000002,0.56,265.58084821428577,
2013,Cape Verde,CPV,,,,,,,,156028.85,0.56,278.6229464285714,
2014,Cape Verde,CPV,,,,,,,,163332.425,0.56,291.66504464285714,
2015,Cape Verde,CPV,,170636.0,,,,,,170636.0,0.56,304.70714285714286,
2016,Cape Verde,CPV,,,,,,,,170636.0,0.56,304.70714285714286,
2017,Cape Verde,CPV,,,,,,,,170636.0,0.56,304.70714285714286,
2018,Cape Verde,CPV,,,,,,,,170636.0,0.56,304.70714285714286,
2019,Cape Verde,CPV,,,,,,,,170636.0,0.56,304.70714285714286,
2020,Cape Verde,CPV,,,,,,,,170636.0,0.56,304.70714285714286,
2021,Cape Verde,CPV,,,,,,,,170636.0,0.56,304.70714285714286,
1990,Czechia,CZE,,,,,,,,,,,0.0
1991,Czechia,CZE,,,,,,,,,,,0.0
1992,Czechia,CZE,,,,,,,,,,,0.0
1993,Czechia,CZE,,,,,,,,,,,0.0
1994,Czechia,CZE,,,,,,,,,,,0.0
1995,Czechia,CZE,,,,,,,,,,,0.0
1996,Czechia,CZE,,,,,,,,,,,0.0
1997,Czechia,CZE,,,,,,,,,,,0.0
1998,Czechia,CZE,,,,,,,,,,,0.567
1999,Czechia,CZE,,,,,,,,,,,0.565
2000,Czechia,CZE,,,,,,,,,,,0.585
2001,Czechia,CZE,,,,,,,,,,,0.581
2002,Czechia,CZE,,,,,,,,,,,0.634
2003,Czechia,CZE,,,,,,,,,,,0.646
2004,Czechia,CZE,1244149.0,2841428.0,8130735.0,8618191.0,5155432.0,707898.0,,19590354.0,10.7,1830.8742056074766,5.76
2005,Czechia,CZE,,,,,,,,18692292.5,10.7,1746.9432242990654,6.653
2006,Czechia,CZE,315585.0,3482017.0,8379849.0,5932365.0,2510732.0,471508.0,,17794231.0,10.7,1663.0122429906542,7.544
2007,Czechia,CZE,,,,,,,,18456794.5,10.7,1724.9340654205607,9.799
2008,Czechia,CZE,254546.0,3176176.0,10650635.0,5292547.0,1919860.0,166949.0,,19119358.0,10.7,1786.8558878504673,10.152
2009,Czechia,CZE,,,,,,,,18004868.0,10.7,1682.6979439252336,12.188
2010,Czechia,CZE,113683.0,3334240.0,9353673.0,4202465.0,1540399.0,114572.0,,16890378.0,10.7,1578.54,14.178
2011,Czechia,CZE,,,,,,,,16546159.0,10.7,1546.37,14.813
2012,Czechia,CZE,196063.0,3232642.0,8592900.0,4376398.0,1062881.0,167422.0,,16201940.0,10.7,1514.2,20.58
2013,Czechia,CZE,,,,,,,,16633393.0,10.7,1554.5227102803738,21.248
2014,Czechia,CZE,135313.0,3260580.0,9409944.0,4394322.0,1012205.0,233797.0,,17064846.0,10.7,1594.8454205607477,22.573
2015,Czechia,CZE,,,,,,,,17728543.5,10.7,1656.8732242990654,25.497
2016,Czechia,CZE,114575.0,3579613.0,10141985.0,4670643.0,889250.0,143877.0,,18392241.0,10.7,1718.9010280373832,
2017,Czechia,CZE,,,,,,,,22754629.5,10.7,2126.600887850467,
2018,Czechia,CZE,411533.0,5804841.0,15800434.0,5511743.0,550973.0,91283.0,,27117018.0,10.7,2534.300747663551,
2019,Czechia,CZE,,,,,,,,27193210.5,10.7,2541.421542056075,
2020,Czechia,CZE,398041.0,6108373.0,16496214.0,4664816.0,414331.0,129841.0,,27269403.0,10.7,2548.5423364485982,
1990,Denmark,DNK,,,,,,,,,,,8.54
1991,Denmark,DNK,,,,,,,,,,,8.54
1992,Denmark,DNK,,,,,,,,,,,8.54
1993,Denmark,DNK,,,,,,,,,,,8.54
1994,Denmark,DNK,,,,,,,,,,,17.089
1995,Denmark,DNK,,,,,,,,,,,14.349
1996,Denmark,DNK,,,,,,,,,,,24.593
1997,Denmark,DNK,,,,,,,,,,,21.327
1998,Denmark,DNK,,,,,,,,,,,22.604
1999,Denmark,DNK,,,,,,,,,,,24.632
2000,Denmark,DNK,,,,,,,,,,,21.292
2001,Denmark,DNK,,,,,,,,,,,22.364
2002,Denmark,DNK,,,,,,,,,,,22.309
2003,Denmark,DNK,,,,,,,,,,,25.594
2004,Denmark,DNK,24038.0,2016209.0,4273801.0,1552640.0,1336930.0,2067.0,,7842650.0,5.8,1352.1810344827586,24.86
2005,Denmark,DNK,,,,,,,,8678647.5,5.8,1496.3185344827587,24.486
2006,Denmark,DNK,27550.0,2069635.0,5802368.0,1642642.0,1461810.0,2061.0,,9514645.0,5.8,1640.4560344827587,24.297
2007,Denmark,DNK,,,,,,,,9578807.5,5.8,1651.5185344827587,26.64
2008,Denmark,DNK,40731.0,2514155.0,5674326.0,1454489.0,1358230.0,2430.0,,9642970.0,5.8,1662.5810344827587,34.189
2009,Denmark,DNK,,,,,,,,8943803.5,5.8,1542.0350862068965,31.146
2010,Denmark,DNK,189101.0,3550267.0,3142215.0,1552155.0,945936.0,21653.0,,8244637.0,5.8,1421.4891379310345,29.191
2011,Denmark,DNK,,,,,,,,10204417.0,5.8,1759.3822413793102,27.3
2012,Denmark,DNK,75225.0,3332998.0,7454350.0,1376849.0,935438.0,13242.0,,12164197.0,5.8,2097.275344827586,25.673
2013,Denmark,DNK,,,,,,,,14045680.0,5.8,2421.6689655172413,25.963
2014,Denmark,DNK,117682.0,3580549.0,11263066.0,1083548.0,1110652.0,12067.0,,15927163.0,5.8,2746.0625862068964,26.921
2015,Denmark,DNK,,,,,,,,16324180.0,5.8,2814.5137931034483,27.269
2016,Denmark,DNK,201648.0,3480305.0,12224799.0,1016093.0,828109.0,15648.0,,16721197.0,5.8,2882.965,
2017,Denmark,DNK,,,,,,,,16625029.0,5.8,2866.3843103448276,
2018,Denmark,DNK,373978.0,3517972.0,11999177.0,1011712.0,1093508.0,8949.0,,16528861.0,5.8,2849.803620689655,
2019,Denmark,DNK,,,,,,,,16138095.5,5.8,2782.4302586206895,
2020,Denmark,DNK,389498.0,3617933.0,11033792.0,1095605.0,788702.0,19529.0,,15747330.0,5.8,2715.056896551724,
2000,Egypt,EGY,23000000.0,15000000.0,,5000000.0,,,,20000000.0,102.3,195.50342130987292,
2001,Egypt,EGY,23000000.0,,3500000.0,,,,,3500000.0,102.3,34.21309872922776,
2002,Egypt,EGY,,,,,,,,8811046.666666668,102.3,86.12948843271425,
2003,Egypt,EGY,,,,,,,,14122093.333333334,102.3,138.0458781362007,
2004,Egypt,EGY,,,,,,,,19433140.0,102.3,189.9622678396872,
2005,Egypt,EGY,,,,,,,,24744186.666666668,102.3,241.8786575431737,
2006,Egypt,EGY,,,,,,,,30055233.333333336,102.3,293.79504724666015,
2007,Egypt,EGY,26583600.0,,11091050.0,9999600.0,,,14275630.0,35366280.0,102.3,345.7114369501466,
2008,Egypt,EGY,20519800.0,,,,,,,0.0,102.3,0.0,
2009,Egypt,EGY,20595800.0,,,,,,,0.0,102.3,0.0,
2010,Egypt,EGY,21156700.0,,,,,,,0.0,102.3,0.0,
2011,Egypt,EGY,21456900.0,,,,,,,0.0,102.3,0.0,
2012,Egypt,EGY,13407500.0,,,,,,,0.0,102.3,0.0,
2013,Egypt,EGY,21837900.0,,,,,,,0.0,102.3,0.0,
2014,Egypt,EGY,22758000.0,,,,,,,0.0,102.3,0.0,
2015,Egypt,EGY,22722900.0,,,,,,,0.0,102.3,0.0,
2016,Egypt,EGY,,,,,,,,0.0,102.3,0.0,
2017,Egypt,EGY,,,,,,,,0.0,102.3,0.0,
2018,Egypt,EGY,,,,,,,,0.0,102.3,0.0,
2019,Egypt,EGY,,,,,,,,0.0,102.3,0.0,
2020,Egypt,EGY,,,,,,,,0.0,102.3,0.0,
2021,Egypt,EGY,,,,,,,,0.0,102.3,0.0,
1990,Estonia,EST,,,,,,,,,,,0.0
1991,Estonia,EST,,,,,,,,,,,0.0
1992,Estonia,EST,,,,,,,,,,,0.0
1993,Estonia,EST,,,,,,,,,,,0.0
1994,Estonia,EST,,,,,,,,,,,0.0
1995,Estonia,EST,,,,,,,,,,,0.0
1996,Estonia,EST,,,,,,,,,,,0.0
1997,Estonia,EST,,,,,,,,,,,0.0
1998,Estonia,EST,,,,,,,,,,,0.0
1999,Estonia,EST,,,,,,,,,,,0.0
2000,Estonia,EST,,,,,,,,,,,2.08
2001,Estonia,EST,,,,,,,,,,,3.562
2002,Estonia,EST,,,,,,,,,,,2.443
2003,Estonia,EST,,,,,,,,,,,16.838
2004,Estonia,EST,183860.0,401989.0,488537.0,6288386.0,6148365.0,5305587.0,,7178912.0,1.3,5522.24,26.658
2005,Estonia,EST,,,,,,,,6144386.5,1.3,4726.451153846154,24.173
2006,Estonia,EST,118829.0,411633.0,717105.0,3981123.0,5708161.0,5960972.0,,5109861.0,1.3,3930.662307692308,15.035
2007,Estonia,EST,,,,,,,,5210254.0,1.3,4007.8876923076923,23.048
2008,Estonia,EST,240005.0,439973.0,1099100.0,3771574.0,5423863.0,7197790.0,,5310647.0,1.3,4085.1130769230767,17.635
2009,Estonia,EST,,,,,,,,4946661.0,1.3,3805.123846153846,13.547
2010,Estonia,EST,109873.0,430499.0,436289.0,3715887.0,6534457.0,6452793.0,,4582675.0,1.3,3525.1346153846152,11.949
2011,Estonia,EST,,,,,,,,4898565.0,1.3,3768.126923076923,16.915
2012,Estonia,EST,77404.0,436420.0,657089.0,4120946.0,6257828.0,9354964.0,,5214455.0,1.3,4011.119230769231,18.431
2013,Estonia,EST,,,,,,,,5387449.5,1.3,4144.191923076923,13.738
2014,Estonia,EST,121677.0,482244.0,671347.0,4406853.0,7109650.0,7904520.0,,5560444.0,1.3,4277.264615384615,29.198
2015,Estonia,EST,,,,,,,,8020063.5,1.3,6169.279615384616,27.033
2016,Estonia,EST,113946.0,429882.0,1173517.0,8876284.0,6083146.0,6301082.0,,10479683.0,1.3,8061.294615384615,
2017,Estonia,EST,,,,,,,,8794858.0,1.3,6765.275384615385,
2018,Estonia,EST,138195.0,548242.0,2192957.0,4368834.0,7489884.0,6829196.0,,7110033.0,1.3,5469.256153846154,
2019,Estonia,EST,,,,,,,,6611161.0,1.3,5085.508461538461,
2020,Estonia,EST,195258.0,550331.0,1587266.0,3974692.0,5665867.0,2454865.0,,6112289.0,1.3,4701.760769230769,
1990,Finland,FIN,,,,,,,,,,,30.172
1991,Finland,FIN,,,,,,,,,,,30.172
1992,Finland,FIN,,,,,,,,,,,30.172
1993,Finland,FIN,,,,,,,,,,,30.172
1994,Finland,FIN,,,,,,,,,,,30.172
1995,Finland,FIN,,,,,,,,,,,26.458
1996,Finland,FIN,,,,,,,,,,,25.9
1997,Finland,FIN,,,,,,,,,,,25.697
1998,Finland,FIN,,,,,,,,,,,25.361
1999,Finland,FIN,,,,,,,,,,,26.219
2000,Finland,FIN,,,,,,,,,,,24.849
2001,Finland,FIN,,,,,,,,,,,25.13
2002,Finland,FIN,,,,,,,,,,,24.803
2003,Finland,FIN,,,,,,,,,,,25.108
2004,Finland,FIN,1537025.0,1164497.0,20842636.0,18612952.0,1572994.0,23819060.0,,40620085.0,5.5,7385.47,25.22
2005,Finland,FIN,,,,,,,,41466766.5,5.5,7539.412090909091,25.602
2006,Finland,FIN,2038408.0,1191220.0,23145712.0,17976516.0,1635908.0,21500896.0,,42313448.0,5.5,7693.354181818182,26.033
2007,Finland,FIN,,,,,,,,42695721.0,5.5,7762.858363636364,25.991
2008,Finland,FIN,2738973.0,1674400.0,24455232.0,16948362.0,1531317.0,31796384.0,,43077994.0,5.5,7832.362545454545,25.23
2009,Finland,FIN,,,,,,,,42307711.0,5.5,7692.311090909091,24.003
2010,Finland,FIN,2772031.0,1680763.0,24645392.0,15211273.0,1444619.0,54851000.0,,41537428.0,5.5,7552.259636363637,19.651
2011,Finland,FIN,,,,,,,,36918145.0,5.5,6712.39,21.781
2012,Finland,FIN,3157813.0,1733525.0,16033874.0,14531463.0,1010767.0,52880000.0,,32298862.0,5.5,5872.520363636364,21.512
2013,Finland,FIN,,,,,,,,30245783.0,5.5,5499.233272727272,19.034
2014,Finland,FIN,4471.0,1602959.0,16296811.0,10292934.0,1464124.0,62775116.0,,28192704.0,5.5,5125.946181818182,18.036
2015,Finland,FIN,,,,,,,,26579878.5,5.5,4832.705181818182,28.131
2016,Finland,FIN,0.0,1791659.0,13825168.0,9350226.0,1097723.0,93661384.0,,24967053.0,5.5,4539.464181818182,
2017,Finland,FIN,,,,,,,,25646085.0,5.5,4662.924545454545,
2018,Finland,FIN,0.0,2037761.0,15715231.0,8572125.0,1309192.0,96068040.0,,26325117.0,5.5,4786.384909090909,
2019,Finland,FIN,,,,,,,,25997192.0,5.5,4726.7621818181815,
2020,Finland,FIN,0.0,2475453.0,13688823.0,9504991.0,957297.0,87194260.0,,25669267.0,5.5,4667.139454545454,
1990,France,FRA,,,,,,,,,,,6.942
1991,France,FRA,,,,,,,,,,,6.942
1992,France,FRA,,,,,,,,,,,6.942
1993,France,FRA,,,,,,,,,,,6.942
1994,France,FRA,,,,,,,,,,,7.8615
1995,France,FRA,,,,,,,,,,,8.781
1996,France,FRA,,,,,,,,,,,9.164
1997,France,FRA,,,,,,,,,,,10.271
1998,France,FRA,,,,,,,,,,,11.57
1999,France,FRA,,,,,,,,,,,12.485
2000,France,FRA,,,,,,,,,,,12.951
2001,France,FRA,,,,,,,,,,,13.697
2002,France,FRA,,,,,,,,,,,14.426
2003,France,FRA,,,,,,,,,,,15.048
2004,France,FRA,1221940.0,25688700.0,210041310.0,21433660.0,840690.0,165780.0,,257163670.0,67.4,3815.4847181008904,15.319
2005,France,FRA,,,,,,,,266139863.0,67.4,3948.66265578635,16.079
2006,France,FRA,1221940.0,26832200.0,225310880.0,22972976.0,1033680.0,1040400.0,,275116056.0,67.4,4081.8405934718103,16.655
2007,France,FRA,,,,,,,,289523338.0,67.4,4295.598486646884,17.223
2008,France,FRA,1312890.0,29310520.0,252979840.0,21640260.0,1004080.0,1195220.0,,303930620.0,67.4,4509.356379821958,17.203
2009,France,FRA,,,,,,,,307761894.0,67.4,4566.200207715134,17.401
2010,France,FRA,1371625.0,29306586.0,260699140.0,21587442.0,992630.0,1053025.0,,311593168.0,67.4,4623.044035608309,17.788
2011,France,FRA,,,,,,,,304702629.0,67.4,4520.810519287834,20.617
2012,France,FRA,1290136.0,29705156.0,246702430.0,21404504.0,2100102.0,2477408.0,,297812090.0,67.4,4418.5770029673595,21.104
2013,France,FRA,,,,,,,,287795229.0,67.4,4269.9588872403565,21.532
2014,France,FRA,1274216.0,28374300.0,227607180.0,21796888.0,1587553.0,2345765.0,,277778368.0,67.4,4121.3407715133535,22.063
2015,France,FRA,,,,,,,,276468352.0,67.4,4101.904332344214,22.255
2016,France,FRA,1303642.0,29055944.0,224355220.0,21747172.0,1469837.0,1408895.0,,275158336.0,67.4,4082.467893175074,
2017,France,FRA,,,,,,,,283807813.0,67.4,4210.798412462908,
2018,France,FRA,1309912.0,29784968.0,240207090.0,22465232.0,1503102.0,1433226.0,,292457290.0,67.4,4339.128931750742,
2019,France,FRA,,,,,,,,278620614.0,67.4,4133.837002967359,
2020,France,FRA,1291230.0,33543536.0,212733090.0,18507312.0,832008.0,263712.0,,264783938.0,67.4,3928.5450741839763,
1990,Germany,DEU,,,,,,,,,,,23.334
1991,Germany,DEU,,,,,,,,,,,23.334
1992,Germany,DEU,,,,,,,,,,,23.334
1993,Germany,DEU,,,,,,,,,,,23.334
1994,Germany,DEU,,,,,,,,,,,24.816499999999998
1995,Germany,DEU,,,,,,,,,,,26.299
1996,Germany,DEU,,,,,,,,,,,28.629
1997,Germany,DEU,,,,,,,,,,,30.451
1998,Germany,DEU,,,,,,,,,,,31.15
1999,Germany,DEU,,,,,,,,,,,37.993
2000,Germany,DEU,,,,,,,,,,,38.144
2001,Germany,DEU,,,,,,,,,,,37.699
2002,Germany,DEU,,,,,,,,,,,41.718
2003,Germany,DEU,,,,,,,,,,,43.176
2004,Germany,DEU,1226989.0,38007850.0,191562720.0,30162764.0,9134082.0,55879700.0,,259733334.0,83.2,3121.7948798076923,40.441
2005,Germany,DEU,,,,,,,,261300355.0,83.2,3140.629266826923,44.537
2006,Germany,DEU,1515272.0,34626020.0,196536160.0,31705196.0,8468297.0,47222200.0,,262867376.0,83.2,3159.4636538461536,45.653
2007,Germany,DEU,,,,,,,,274066598.0,83.2,3294.0696875,47.1
2008,Germany,DEU,1350758.0,35754996.0,197206500.0,52304324.0,11706681.0,28287600.0,,285265820.0,83.2,3428.675721153846,47.04
2009,Germany,DEU,,,,,,,,280774346.0,83.2,3374.691658653846,45.814
2010,Germany,DEU,256272.0,36311612.0,190990220.0,48981040.0,9087238.0,24493072.0,,276282872.0,83.2,3320.707596153846,45.65
2011,Germany,DEU,,,,,,,,283439091.0,83.2,3406.71984375,46.052
2012,Germany,DEU,648869.0,36471810.0,197527870.0,56595630.0,8049687.0,8625187.0,,290595310.0,83.2,3492.732091346154,47.421
2013,Germany,DEU,,,,,,,,297516185.0,83.2,3575.915685096154,46.584
2014,Germany,DEU,438829.0,36887630.0,206466180.0,61083250.0,9975200.0,7431893.0,,304437060.0,83.2,3659.099278846154,47.556
2015,Germany,DEU,,,,,,,,309129126.0,83.2,3715.4943028846155,47.827
2016,Germany,DEU,1126134.0,37409896.0,220499420.0,55911876.0,10178630.0,7265142.0,,313821192.0,83.2,3771.889326923077,
2017,Germany,DEU,,,,,,,,316463790.0,83.2,3803.6513221153846,
2018,Germany,DEU,982106.0,37308892.0,225260600.0,56536896.0,9449661.0,8851574.0,,319106388.0,83.2,3835.4133173076925,
2019,Germany,DEU,,,,,,,,319360209.0,83.2,3838.4640504807694,
2020,Germany,DEU,1004332.0,38474000.0,226035630.0,55104400.0,7855850.0,5247193.0,,319614030.0,83.2,3841.5147836538463,
2000,Ghana,GHA,6784241.0,1325358.5,,,,,331339.62,1656698.12,31.1,53.27003601286174,
2001,Ghana,GHA,7032570.0,1383828.9,,,,,345957.22,1729786.1199999999,31.1,55.62013247588423,
2002,Ghana,GHA,8249630.0,1444490.5,,,,,361122.62,1805613.12,31.1,58.05829967845659,
2003,Ghana,GHA,8244813.5,1483491.8,,,,,370872.94,1854364.74,31.1,59.62587588424437,
2004,Ghana,GHA,6772571.0,1548119.4,,,,,387029.84,1935149.24,31.1,62.223448231511256,
2005,Ghana,GHA,8060916.0,1817049.8,,,,,454262.44,2271312.24,31.1,73.03254790996785,
2006,Ghana,GHA,8224598.5,1895268.1,,,,,473817.03,2369085.13,31.1,76.17637073954984,
2007,Ghana,GHA,10833099.0,2066221.2,,,,,516555.3,2582776.5,31.1,83.04747588424438,
2008,Ghana,GHA,10954257.0,2245024.5,,,,,561256.1,2806280.6,31.1,90.23410289389068,
2009,Ghana,GHA,13625672.0,2400392.2,,,,,600098.06,3000490.2600000002,31.1,96.47878649517686,
2010,Ghana,GHA,12422402.0,2650458.5,,,,,662614.6,3313073.1,31.1,106.52968167202572,
2011,Ghana,GHA,14157824.0,2716720.0,,,,,679180.0,3395900.0,31.1,109.19292604501608,
2012,Ghana,GHA,14953128.0,2784638.0,,,,,696159.5,3480797.5,31.1,111.92274919614148,
2013,Ghana,GHA,15107609.0,2854254.0,,,,,713563.5,3567817.5,31.1,114.72081993569132,
2014,Ghana,GHA,15516543.0,2925610.2,,,,,731402.56,3657012.7600000002,31.1,117.58883472668812,
2015,Ghana,GHA,15834551.0,3132028.2,,,,,783007.06,3915035.2600000002,31.1,125.88537813504824,
2016,Ghana,GHA,,3210329.0,,,,,802582.25,4012911.25,31.1,129.0325160771704,
2017,Ghana,GHA,,3290587.2,,,,,822646.8,4113234.0,31.1,132.25832797427654,
2018,Ghana,GHA,,,,,,,,4113234.0,31.1,132.25832797427654,
2019,Ghana,GHA,,,,,,,,4113234.0,31.1,132.25832797427654,
2020,Ghana,GHA,,,,,,,,4113234.0,31.1,132.25832797427654,
2021,Ghana,GHA,,,,,,,,4113234.0,31.1,132.25832797427654,
1990,Greece,GRC,,,,,,,,,,,5.957
1991,Greece,GRC,,,,,,,,,,,6.512499999999999
1992,Greece,GRC,,,,,,,,,,,7.068
1993,Greece,GRC,,,,,,,,,,,6.574333333333333
1994,Greece,GRC,,,,,,,,,,,6.080666666666667
1995,Greece,GRC,,,,,,,,,,,5.587
1996,Greece,GRC,,,,,,,,,,,6.273
1997,Greece,GRC,,,,,,,,,,,8.401
1998,Greece,GRC,,,,,,,,,,,8.116
1999,Greece,GRC,,,,,,,,,,,8.117
2000,Greece,GRC,,,,,,,,,,,8.073
2001,Greece,GRC,,,,,,,,,,,8.116
2002,Greece,GRC,,,,,,,,,,,8.082
2003,Greece,GRC,,,,,,,,,,,8.11
2004,Greece,GRC,4711294.0,4212962.0,3324000.0,4554175.0,12988820.0,1902330.0,,12091137.0,10.7,1130.0128037383176,10.06
2005,Greece,GRC,,,,,,,,14168826.5,10.7,1324.1893925233644,11.161
2006,Greece,GRC,4711294.0,4132645.0,6829161.0,5284710.0,12985844.0,14887758.0,,16246516.0,10.7,1518.3659813084112,11.183
2007,Greece,GRC,,,,,,,,16365879.5,10.7,1529.5214485981307,18.087
2008,Greece,GRC,0.0,3954486.0,6828051.0,5702706.0,11180698.0,38151604.0,,16485243.0,10.7,1540.6769158878506,15.695
2009,Greece,GRC,,,,,,,,14354833.5,10.7,1341.5732242990655,18.161
2010,Greece,GRC,5073.0,5197519.0,2086080.0,4940825.0,11028582.0,44793196.0,,12224424.0,10.7,1142.4695327102804,14.737
2011,Greece,GRC,,,,,,,,8610128.0,10.7,804.6848598130841,14.894
2012,Greece,GRC,9979.0,0.0,812519.0,4183313.0,12258683.0,47831628.0,,4995832.0,10.7,466.90018691588784,15.56
2013,Greece,GRC,,,,,,,,5185151.0,10.7,484.59355140186915,15.56
2014,Greece,GRC,10976.0,0.0,479999.0,4894471.0,10887688.0,47356920.0,,5374470.0,10.7,502.28691588785045,15.56
2015,Greece,GRC,,,,,,,,7711929.0,10.7,720.7410280373832,15.56
2016,Greece,GRC,255169.0,4788941.0,610636.0,4649811.0,2560158.0,56717060.0,,10049388.0,10.7,939.1951401869159,
2017,Greece,GRC,,,,,,,,11004875.0,10.7,1028.4929906542056,
2018,Greece,GRC,466119.0,4607377.0,2286467.0,5066518.0,3459811.0,25705112.0,,11960362.0,10.7,1117.7908411214953,
2019,Greece,GRC,,,,,,,,12522114.0,10.7,1170.2910280373833,
2020,Greece,GRC,644283.0,4519526.0,5417214.0,3147126.0,1494508.0,8995869.0,,13083866.0,10.7,1222.791214953271,
2000,Guinea,GIN,,,,,,,,2406.0,13.1,0.18366412213740457,
2001,Guinea,GIN,,,,,,,,2406.0,13.1,0.18366412213740457,
2002,Guinea,GIN,,,,,,,,2406.0,13.1,0.18366412213740457,
2003,Guinea,GIN,,,,,,,,2406.0,13.1,0.18366412213740457,
2004,Guinea,GIN,,,,,,,,2406.0,13.1,0.18366412213740457,
2005,Guinea,GIN,,,,,,,,2406.0,13.1,0.18366412213740457,
2006,Guinea,GIN,,,,,,,,2406.0,13.1,0.18366412213740457,
2007,Guinea,GIN,,,,,,,,2406.0,13.1,0.18366412213740457,
2008,Guinea,GIN,677.0,,,2406.0,7.0,,,2406.0,13.1,0.18366412213740457,
2009,Guinea,GIN,711.0,,,21644.0,13.0,,,21644.0,13.1,1.6522137404580153,
2010,Guinea,GIN,,,,,,,,21644.0,13.1,1.6522137404580153,
2011,Guinea,GIN,,,,,,,,21644.0,13.1,1.6522137404580153,
2012,Guinea,GIN,,,,,,,,21644.0,13.1,1.6522137404580153,
2013,Guinea,GIN,,,,,,,,21644.0,13.1,1.6522137404580153,
2014,Guinea,GIN,,,,,,,,21644.0,13.1,1.6522137404580153,
2015,Guinea,GIN,,,,,,,,21644.0,13.1,1.6522137404580153,
2016,Guinea,GIN,,,,,,,,21644.0,13.1,1.6522137404580153,
2017,Guinea,GIN,,,,,,,,21644.0,13.1,1.6522137404580153,
2018,Guinea,GIN,,,,,,,,21644.0,13.1,1.6522137404580153,
2019,Guinea,GIN,,,,,,,,21644.0,13.1,1.6522137404580153,
2020,Guinea,GIN,,,,,,,,21644.0,13.1,1.6522137404580153,
2021,Guinea,GIN,,,,,,,,21644.0,13.1,1.6522137404580153,
1990,Hungary,HUN,,,,,,,,,,,0.0
1991,Hungary,HUN,,,,,,,,,,,0.0
1992,Hungary,HUN,,,,,,,,,,,0.0
1993,Hungary,HUN,,,,,,,,,,,0.0
1994,Hungary,HUN,,,,,,,,,,,0.0
1995,Hungary,HUN,,,,,,,,,,,1.512
1996,Hungary,HUN,,,,,,,,,,,1.458
1997,Hungary,HUN,,,,,,,,,,,1.43
1998,Hungary,HUN,,,,,,,,,,,1.407
1999,Hungary,HUN,,,,,,,,,,,1.372
2000,Hungary,HUN,,,,,,,,,,,1.354
2001,Hungary,HUN,,,,,,,,,,,1.381
2002,Hungary,HUN,,,,,,,,,,,1.586
2003,Hungary,HUN,,,,,,,,,,,2.673
2004,Hungary,HUN,3999629.0,4442050.0,1735609.0,5071285.0,3331869.0,1640251.0,,11248944.0,9.7,1159.6849484536083,11.006
2005,Hungary,HUN,,,,,,,,11400416.5,9.7,1175.3006701030927,8.749
2006,Hungary,HUN,1997533.0,2978311.0,3045335.0,5528243.0,3981109.0,26504.0,,11551889.0,9.7,1190.9163917525773,9.249
2007,Hungary,HUN,,,,,,,,11023485.0,9.7,1136.4417525773197,11.226
2008,Hungary,HUN,336865.0,3466071.0,3240063.0,3788947.0,3050228.0,272490.0,,10495081.0,9.7,1081.9671134020618,13.714
2009,Hungary,HUN,,,,,,,,10283114.0,9.7,1060.1148453608248,13.445
2010,Hungary,HUN,487655.0,2864896.0,4072214.0,3134037.0,2718233.0,86587.0,,10071147.0,9.7,1038.2625773195875,15.894
2011,Hungary,HUN,,,,,,,,9890370.0,9.7,1019.6257731958763,17.17
2012,Hungary,HUN,460047.0,2680573.0,4038081.0,2990939.0,2871522.0,91218.0,,9709593.0,9.7,1000.988969072165,20.863
2013,Hungary,HUN,,,,,,,,9400148.5,9.7,969.0874742268041,21.375
2014,Hungary,HUN,520961.0,2951303.0,3439941.0,2699460.0,2311832.0,82576.0,,9090704.0,9.7,937.1859793814433,24.859
2015,Hungary,HUN,,,,,,,,9128792.0,9.7,941.1125773195877,25.957
2016,Hungary,HUN,484320.0,2886891.0,3591723.0,2688266.0,2579182.0,147534.0,,9166880.0,9.7,945.0391752577319,
2017,Hungary,HUN,,,,,,,,10318803.5,9.7,1063.794175257732,
2018,Hungary,HUN,449607.0,2742656.0,6103907.0,2624164.0,2058123.0,175189.0,,11470727.0,9.7,1182.549175257732,
2019,Hungary,HUN,,,,,,,,11591826.5,9.7,1195.0336597938144,
2020,Hungary,HUN,295281.0,4741753.0,4358941.0,2612232.0,1952971.0,129515.0,,11712926.0,9.7,1207.5181443298968,
1990,Iceland,ISL,,,,,,,,,,,5.858
1991,Iceland,ISL,,,,,,,,,,,5.858
1992,Iceland,ISL,,,,,,,,,,,5.858
1993,Iceland,ISL,,,,,,,,,,,5.858
1994,Iceland,ISL,,,,,,,,,,,5.858
1995,Iceland,ISL,,,,,,,,,,,5.858
1996,Iceland,ISL,,,,,,,,,,,7.579
1997,Iceland,ISL,,,,,,,,,,,6.78
1998,Iceland,ISL,,,,,,,,,,,8.998
1999,Iceland,ISL,,,,,,,,,,,11.067
2000,Iceland,ISL,,,,,,,,,,,12.639
2001,Iceland,ISL,,,,,,,,,,,13.662
2002,Iceland,ISL,,,,,,,,,,,14.1
2003,Iceland,ISL,,,,,,,,,,,14.388
2004,Iceland,ISL,78559.0,141487.0,18500.0,61012.0,0.0,1100.0,,220999.0,0.37,597.2945945945946,14.9714
2005,Iceland,ISL,,,,,,,,110499.5,0.37,298.6472972972973,15.5548
2006,Iceland,ISL,0.0,0.0,,,,,,0.0,0.37,0.0,16.1382
2007,Iceland,ISL,,,,,,,,0.0,0.37,0.0,16.7216
2008,Iceland,ISL,0.0,0.0,,,,,,0.0,0.37,0.0,17.305
2009,Iceland,ISL,,,,,,,,166372.0,0.37,449.65405405405403,15.645
2010,Iceland,ISL,72071.0,232256.0,12289.0,88199.0,1625.0,65.0,,332744.0,0.37,899.3081081081081,15.588
2011,Iceland,ISL,,,,,,,,334791.0,0.37,904.8405405405406,20.291
2012,Iceland,ISL,82097.0,232921.0,10820.0,93097.0,1675.0,55.0,,336838.0,0.37,910.372972972973,23.849
2013,Iceland,ISL,,,,,,,,434873.5,0.37,1175.3337837837837,25.036
2014,Iceland,ISL,28885.0,299413.0,32832.0,200664.0,149.0,0.0,,532909.0,0.37,1440.2945945945946,21.307
2015,Iceland,ISL,,,,,,,,634707.0,0.37,1715.4243243243243,21.307
2016,Iceland,ISL,38357.0,430925.0,43112.0,262468.0,403.0,0.0,,736505.0,0.37,1990.554054054054,
2017,Iceland,ISL,,,,,,,,811275.5,0.37,2192.6364864864863,
2018,Iceland,ISL,47418.0,519927.0,51034.0,315085.0,247.0,0.0,,886046.0,0.37,2394.718918918919,
2019,Iceland,ISL,,,,,,,,798291.5,0.37,2157.5445945945944,
2020,Iceland,ISL,39084.0,415705.0,38032.0,256800.0,276.0,0.0,,710537.0,0.37,1920.3702702702703,
1990,Ireland,IRL,,,,,,,,,,,8.0
1991,Ireland,IRL,,,,,,,,,,,8.0
1992,Ireland,IRL,,,,,,,,,,,8.0
1993,Ireland,IRL,,,,,,,,,,,8.0
1994,Ireland,IRL,,,,,,,,,,,8.0
1995,Ireland,IRL,,,,,,,,,,,8.0
1996,Ireland,IRL,,,,,,,,,,,7.888
1997,Ireland,IRL,,,,,,,,,,,8.554
1998,Ireland,IRL,,,,,,,,,,,8.328
1999,Ireland,IRL,,,,,,,,,,,9.602
2000,Ireland,IRL,,,,,,,,,,,10.736
2001,Ireland,IRL,,,,,,,,,,,11.934
2002,Ireland,IRL,,,,,,,,,,,18.784
2003,Ireland,IRL,,,,,,,,,,,25.054
2004,Ireland,IRL,8706.0,1702345.0,11286882.0,5356309.0,286494.0,4049344.0,,18345536.0,5.0,3669.1072,30.903
2005,Ireland,IRL,,,,,,,,20495534.0,5.0,4099.1068,32.313
2006,Ireland,IRL,0.0,1978711.0,16599466.0,4067355.0,346767.0,4765557.0,,22645532.0,5.0,4529.1064,34.33
2007,Ireland,IRL,,,,,,,,20948041.0,5.0,4189.6082,34.057
2008,Ireland,IRL,19376.0,1677338.0,13547588.0,4025624.0,291726.0,2061293.0,,19250550.0,5.0,3850.11,31.472
2009,Ireland,IRL,,,,,,,,12924714.5,5.0,2584.9429,31.935
2010,Ireland,IRL,101143.0,1730028.0,1609762.0,3259089.0,333651.0,2195671.0,,6598879.0,5.0,1319.7758,34.712
2011,Ireland,IRL,,,,,,,,6688216.0,5.0,1337.6432,33.659
2012,Ireland,IRL,96251.0,1656670.0,1132275.0,3988608.0,374849.0,2084654.0,,6777553.0,5.0,1355.5106,33.963
2013,Ireland,IRL,,,,,,,,6827175.5,5.0,1365.4351,33.963
2014,Ireland,IRL,96251.0,1524356.0,1884390.0,3468052.0,321019.0,2706594.0,,6876798.0,5.0,1375.3596,33.963
2015,Ireland,IRL,,,,,,,,7598591.0,5.0,1519.7182,33.963
2016,Ireland,IRL,105033.0,1513544.0,1521590.0,5285250.0,316937.0,2398489.0,,8320384.0,5.0,1664.0768,
2017,Ireland,IRL,,,,,,,,7631318.0,5.0,1526.2636,
2018,Ireland,IRL,296865.0,1591220.0,1903058.0,3447974.0,149768.0,1981596.0,,6942252.0,5.0,1388.4504,
2019,Ireland,IRL,,,,,,,,8891659.0,5.0,1778.3318,
2020,Ireland,IRL,275414.0,1941741.0,5278255.0,3621070.0,158094.0,1517599.0,,10841066.0,5.0,2168.2132,
1990,Italy,ITA,,,,,,,,,,,3.495
1991,Italy,ITA,,,,,,,,,,,3.495
1992,Italy,ITA,,,,,,,,,,,3.495
1993,Italy,ITA,,,,,,,,,,,3.495
1994,Italy,ITA,,,,,,,,,,,3.495
1995,Italy,ITA,,,,,,,,,,,3.495
1996,Italy,ITA,,,,,,,,,,,4.897
1997,Italy,ITA,,,,,,,,,,,7.349
1998,Italy,ITA,,,,,,,,,,,8.705
1999,Italy,ITA,,,,,,,,,,,9.505
2000,Italy,ITA,,,,,,,,,,,10.213
2001,Italy,ITA,,,,,,,,,,,12.697
2002,Italy,ITA,,,,,,,,,,,10.553
2003,Italy,ITA,,,,,,,,,,,11.974
2004,Italy,ITA,615288.0,31149584.0,49150772.0,39471516.0,2466542.0,761406.0,,119771872.0,59.6,2009.595167785235,13.179
2005,Italy,ITA,,,,,,,,122303763.0,59.6,2052.0765604026847,13.737
2006,Italy,ITA,558481.0,32522650.0,52315620.0,39997384.0,3005458.0,1005261.0,,124835654.0,59.6,2094.5579530201344,13.702
2007,Italy,ITA,,,,,,,,135062467.0,59.6,2266.148775167785,19.04
2008,Italy,ITA,349096.0,32471572.0,69731944.0,43085764.0,3089900.0,1262823.0,,145289280.0,59.6,2437.739597315436,16.435
2009,Italy,ITA,,,,,,,,136517978.0,59.6,2290.570100671141,20.248
2010,Italy,ITA,310912.0,32478920.0,59340136.0,35927620.0,2660218.0,705765.0,,127746676.0,59.6,2143.4006040268455,20.02
2011,Italy,ITA,,,,,,,,118793775.0,59.6,1993.184144295302,23.887
2012,Italy,ITA,407979.0,29993530.0,52965744.0,26881600.0,3616226.0,685665.0,,109840874.0,59.6,1842.9676845637584,24.95
2013,Italy,ITA,,,,,,,,108841428.0,59.6,1826.198456375839,25.703
2014,Italy,ITA,323518.0,29651720.0,51670600.0,26519662.0,3195283.0,981739.0,,107841982.0,59.6,1809.4292281879195,27.816
2015,Italy,ITA,,,,,,,,110177456.0,59.6,1848.615033557047,29.136
2016,Italy,ITA,320928.0,30116606.0,54576760.0,27819564.0,2687738.0,758732.0,,112512930.0,59.6,1887.8008389261745,
2017,Italy,ITA,,,,,,,,115954280.0,59.6,1945.541610738255,
2018,Italy,ITA,332554.0,30158280.0,60829200.0,28408150.0,2278285.0,1349011.0,,119395630.0,59.6,2003.2823825503356,
2019,Italy,ITA,,,,,,,,120478080.0,59.6,2021.4442953020134,
2020,Italy,ITA,348501.0,28945092.0,66084350.0,26531088.0,1628119.0,1343964.0,,121560530.0,59.6,2039.6062080536913,
2000,Kenya,KEN,,,,,,,,,53.8,,
2001,Kenya,KEN,,,,,,,,,53.8,,
2002,Kenya,KEN,,,,,,,,,53.8,,
2003,Kenya,KEN,,,,,,,,,53.8,,
2004,Kenya,KEN,,,,,,,,,53.8,,
2005,Kenya,KEN,,,,,,,,,53.8,,
2006,Kenya,KEN,,,,,,,,,53.8,,
2007,Kenya,KEN,,,,,,,,,53.8,,
2008,Kenya,KEN,,,,,,,,,53.8,,
2009,Kenya,KEN,,,,,,,,,53.8,,
2010,Kenya,KEN,,,,,,,,,53.8,,
2011,Kenya,KEN,,,,,,,,,53.8,,
2012,Kenya,KEN,,,,,,,,,53.8,,
2013,Kenya,KEN,,,,,,,,,53.8,,
2014,Kenya,KEN,,,,,,,,,53.8,,
2015,Kenya,KEN,,,,,,,,,53.8,,
2016,Kenya,KEN,,,,,,,,,53.8,,
2017,Kenya,KEN,,,9891700.0,712860600.0,405.0,8253.0,,722752300.0,53.8,13434.057620817845,
2018,Kenya,KEN,,,,,,,,,53.8,,
2019,Kenya,KEN,,,,,,,,,53.8,,
2020,Kenya,KEN,,,,,,,,,53.8,,
2021,Kenya,KEN,,,,,,,,,53.8,,
1990,Latvia,LVA,,,,,,,,,,,0.0
1991,Latvia,LVA,,,,,,,,,,,0.0
1992,Latvia,LVA,,,,,,,,,,,0.0
1993,Latvia,LVA,,,,,,,,,,,0.0
1994,Latvia,LVA,,,,,,,,,,,0.0
1995,Latvia,LVA,,,,,,,,,,,0.0
1996,Latvia,LVA,,,,,,,,,,,0.0
1997,Latvia,LVA,,,,,,,,,,,0.0
1998,Latvia,LVA,,,,,,,,,,,0.0
1999,Latvia,LVA,,,,,,,,,,,0.0
2000,Latvia,LVA,,,,,,,,,,,0.0
2001,Latvia,LVA,,,,,,,,,,,0.0
2002,Latvia,LVA,,,,,,,,,,,0.463
2003,Latvia,LVA,,,,,,,,,,,2.253
2004,Latvia,LVA,208465.0,543490.0,8243.0,349319.0,18847.0,80.0,,901052.0,1.9,474.2378947368421,3.814
2005,Latvia,LVA,,,,,,,,1171952.0,1.9,616.8168421052632,4.414
2006,Latvia,LVA,96126.0,853889.0,19339.0,569624.0,26221.0,0.0,,1442852.0,1.9,759.3957894736842,4.09
2007,Latvia,LVA,,,,,,,,1281128.0,1.9,674.2778947368421,4.904
2008,Latvia,LVA,74660.0,606077.0,12040.0,501287.0,20161.0,2585.0,,1119404.0,1.9,589.16,5.653
2009,Latvia,LVA,,,,,,,,1104917.5,1.9,581.5355263157895,7.375
2010,Latvia,LVA,68024.0,694013.0,21551.0,374867.0,24665.0,786.0,,1090431.0,1.9,573.911052631579,8.768
2011,Latvia,LVA,,,,,,,,1353545.5,1.9,712.3923684210527,10.337
2012,Latvia,LVA,2767.0,1213193.0,7509.0,395958.0,132507.0,1968.0,,1616660.0,1.9,850.8736842105263,13.637
2013,Latvia,LVA,,,,,,,,1512390.0,1.9,795.9947368421052,20.199
2014,Latvia,LVA,36209.0,709118.0,454281.0,244721.0,727167.0,5288.0,,1408120.0,1.9,741.1157894736842,23.91
2015,Latvia,LVA,,,,,,,,1440691.5,1.9,758.2586842105263,25.173
2016,Latvia,LVA,144075.0,870177.0,111136.0,491950.0,27338.0,1001.0,,1473263.0,1.9,775.4015789473684,
2017,Latvia,LVA,,,,,,,,1372831.5,1.9,722.5428947368421,
2018,Latvia,LVA,132746.0,577587.0,310772.0,384041.0,43887.0,1192.0,,1272400.0,1.9,669.6842105263158,
2019,Latvia,LVA,,,,,,,,1339490.5,1.9,704.995,
2020,Latvia,LVA,133282.0,644390.0,276703.0,485488.0,116213.0,1165.0,,1406581.0,1.9,740.3057894736842,
2000,Lesotho,LSO,,,,,,,,770797500.0,2.1,367046.4285714286,
2001,Lesotho,LSO,,,,,,,,770797500.0,2.1,367046.4285714286,
2002,Lesotho,LSO,,,,,,,,770797500.0,2.1,367046.4285714286,
2003,Lesotho,LSO,,,,,,,,770797500.0,2.1,367046.4285714286,
2004,Lesotho,LSO,,,,,,,,770797500.0,2.1,367046.4285714286,
2005,Lesotho,LSO,,,,,,,,770797500.0,2.1,367046.4285714286,
2006,Lesotho,LSO,,26556300.0,,16378200.0,,,727863000.0,770797500.0,2.1,367046.4285714286,
2007,Lesotho,LSO,,,,,,,,642331250.0,2.1,305872.0238095238,
2008,Lesotho,LSO,,,,,,,,513865000.0,2.1,244697.61904761905,
2009,Lesotho,LSO,,,,,,,,385398750.0,2.1,183523.2142857143,
2010,Lesotho,LSO,,,,,,,,256932500.0,2.1,122348.80952380953,
2011,Lesotho,LSO,,,,,,,,128466250.0,2.1,61174.40476190476,
2012,Lesotho,LSO,,,,,,9312200.0,,0.0,2.1,0.0,
2013,Lesotho,LSO,,,,,,,,0.0,2.1,0.0,
2014,Lesotho,LSO,,,,,,,,0.0,2.1,0.0,
2015,Lesotho,LSO,,,,,,,,0.0,2.1,0.0,
2016,Lesotho,LSO,,,,,,,,0.0,2.1,0.0,
2017,Lesotho,LSO,,,,,,,,0.0,2.1,0.0,
2018,Lesotho,LSO,,,,,,,,0.0,2.1,0.0,
2019,Lesotho,LSO,,,,,,,,0.0,2.1,0.0,
2020,Lesotho,LSO,,,,,,,,0.0,2.1,0.0,
2021,Lesotho,LSO,,,,,,,,0.0,2.1,0.0,
1990,Lithuania,LTU,,,,,,,,,,,0.0
1991,Lithuania,LTU,,,,,,,,,,,0.0
1992,Lithuania,LTU,,,,,,,,,,,0.0
1993,Lithuania,LTU,,,,,,,,,,,0.0
1994,Lithuania,LTU,,,,,,,,,,,0.0
1995,Lithuania,LTU,,,,,,,,,,,0.0
1996,Lithuania,LTU,,,,,,,,,,,0.0
1997,Lithuania,LTU,,,,,,,,,,,0.0
1998,Lithuania,LTU,,,,,,,,,,,0.0
1999,Lithuania,LTU,,,,,,,,,,,0.0
2000,Lithuania,LTU,,,,,,,,,,,0.0
2001,Lithuania,LTU,,,,,,,,,,,0.0
2002,Lithuania,LTU,,,,,,,,,,,0.0
2003,Lithuania,LTU,,,,,,,,,,,0.0
2004,Lithuania,LTU,874218.0,601749.0,357380.0,2632070.0,52324.0,3595.0,,3591199.0,2.8,1282.5710714285715,1.163
2005,Lithuania,LTU,,,,,,,,3990229.5,2.8,1425.0819642857143,1.167
2006,Lithuania,LTU,874219.0,1298932.0,348968.0,2741360.0,34022.0,5514.0,,4389260.0,2.8,1567.5928571428572,1.165
2007,Lithuania,LTU,,,,,,,,4460831.5,2.8,1593.1541071428571,2.267
2008,Lithuania,LTU,786069.0,1362620.0,412045.0,2757738.0,50645.0,3367.0,,4532403.0,2.8,1618.715357142857,3.081
2009,Lithuania,LTU,,,,,,,,4399285.5,2.8,1571.1733928571427,3.235
2010,Lithuania,LTU,455856.0,1261400.0,356772.0,2647996.0,36314.0,6838.0,,4266168.0,2.8,1523.6314285714286,3.796
2011,Lithuania,LTU,,,,,,,,4206725.0,2.8,1502.4017857142858,18.656
2012,Lithuania,LTU,481708.0,1176825.0,419136.0,2551321.0,29033.0,25911.0,,4147282.0,2.8,1481.172142857143,20.359
2013,Lithuania,LTU,,,,,,,,4176258.5,2.8,1491.5208928571428,20.973
2014,Lithuania,LTU,421071.0,1161764.0,434737.0,2608734.0,100987.0,24978.0,,4205235.0,2.8,1501.869642857143,21.478
2015,Lithuania,LTU,,,,,,,,4286230.5,2.8,1530.796607142857,23.256
2016,Lithuania,LTU,280625.0,1119279.0,505757.0,2742190.0,132566.0,42267.0,,4367226.0,2.8,1559.7235714285714,
2017,Lithuania,LTU,,,,,,,,4520488.5,2.8,1614.4601785714285,
2018,Lithuania,LTU,293676.0,1416112.0,620285.0,2637354.0,147410.0,115273.0,,4673751.0,2.8,1669.1967857142856,
2019,Lithuania,LTU,,,,,,,,4407974.0,2.8,1574.2764285714286,
2020,Lithuania,LTU,301722.0,1397018.0,558430.0,2186749.0,155388.0,68261.0,,4142197.0,2.8,1479.3560714285713,
1990,Luxembourg,LUX,,,,,,,,,,,13.11
1991,Luxembourg,LUX,,,,,,,,,,,13.11
1992,Luxembourg,LUX,,,,,,,,,,,13.11
1993,Luxembourg,LUX,,,,,,,,,,,13.11
1994,Luxembourg,LUX,,,,,,,,,,,13.11
1995,Luxembourg,LUX,,,,,,,,,,,13.11
1996,Luxembourg,LUX,,,,,,,,,,,15.423
1997,Luxembourg,LUX,,,,,,,,,,,18.089
1998,Luxembourg,LUX,,,,,,,,,,,19.764
1999,Luxembourg,LUX,,,,,,,,,,,18.673
2000,Luxembourg,LUX,,,,,,,,,,,21.601
2001,Luxembourg,LUX,,,,,,,,,,,23.278
2002,Luxembourg,LUX,,,,,,,,,,,22.805
2003,Luxembourg,LUX,,,,,,,,,,,23.033
2004,Luxembourg,LUX,11324.0,221014.0,6979984.0,722764.0,867.0,45947.0,,7923762.0,0.63,12577.4,23.208
2005,Luxembourg,LUX,,,,,,,,7747052.5,0.63,12296.90873015873,25.611
2006,Luxembourg,LUX,11324.0,191580.0,6774547.0,604216.0,1403.0,56487.0,,7570343.0,0.63,12016.41746031746,26.031
2007,Luxembourg,LUX,,,,,,,,8400784.5,0.63,13334.578571428572,25.803
2008,Luxembourg,LUX,2486.0,276272.0,8282055.0,672899.0,1393.0,9738.0,,9231226.0,0.63,14652.739682539683,26.115
2009,Luxembourg,LUX,,,,,,,,9607727.0,0.63,15250.360317460318,26.409
2010,Luxembourg,LUX,2547.0,250061.0,8866757.0,867410.0,2057.0,18358.0,,9984228.0,0.63,15847.980952380953,26.932
2011,Luxembourg,LUX,,,,,,,,8911071.0,0.63,14144.557142857142,28.259
2012,Luxembourg,LUX,1381.0,249010.0,7079473.0,509431.0,2335.0,131314.0,,7837914.0,0.63,12441.133333333333,27.857
2013,Luxembourg,LUX,,,,,,,,7172846.0,0.63,11385.469841269842,28.25
2014,Luxembourg,LUX,3094.0,242849.0,5979235.0,285694.0,3149.0,129724.0,,6507778.0,0.63,10329.806349206348,28.453
2015,Luxembourg,LUX,,,,,,,,7741253.5,0.63,12287.703968253969,28.508
2016,Luxembourg,LUX,30890.0,182564.0,8035668.0,756497.0,6070.0,37904.0,,8974729.0,0.63,14245.601587301588,
2017,Luxembourg,LUX,,,,,,,,8553415.0,0.63,13576.849206349207,
2018,Luxembourg,LUX,8330.0,190568.0,7320296.0,621237.0,7530.0,4359.0,,8132101.0,0.63,12908.096825396826,
2019,Luxembourg,LUX,,,,,,,,8252743.0,0.63,13099.592063492064,
2020,Luxembourg,LUX,11445.0,202250.0,7570240.0,600895.0,31328.0,101243.0,,8373385.0,0.63,13291.087301587302,
2000,Madagascar,MDG,,,,,,,,,27.7,,
2001,Madagascar,MDG,,,,,,,,,27.7,,
2002,Madagascar,MDG,,,,,,,,,27.7,,
2003,Madagascar,MDG,,,,,,,,,27.7,,
2004,Madagascar,MDG,,,,,,,,,27.7,,
2005,Madagascar,MDG,,,,,,,,,27.7,,
2006,Madagascar,MDG,,,,,,,,,27.7,,
2007,Madagascar,MDG,,2849555.0,,45957.0,,,,2895512.0,27.7,104.53111913357401,
2008,Madagascar,MDG,,,,,,,,,27.7,,
2009,Madagascar,MDG,,,,,,,,,27.7,,
2010,Madagascar,MDG,,,,,,,,,27.7,,
2011,Madagascar,MDG,,,,,,,,,27.7,,
2012,Madagascar,MDG,,,,,,,,,27.7,,
2013,Madagascar,MDG,,,,,,,,,27.7,,
2014,Madagascar,MDG,,,,,,,,,27.7,,
2015,Madagascar,MDG,,,,,,,,,27.7,,
2016,Madagascar,MDG,,,,,,,,,27.7,,
2017,Madagascar,MDG,,,,,,,,,27.7,,
2018,Madagascar,MDG,,,,,,,,,27.7,,
2019,Madagascar,MDG,,,,,,,,,27.7,,
2020,Madagascar,MDG,,,,,,,,,27.7,,
2021,Madagascar,MDG,,,,,,,,,27.7,,
2000,Mauritius,MUS,,251300.0,6840.0,5860.0,,,1870.0,265870.0,1.3,204.51538461538462,
2001,Mauritius,MUS,,292900.0,3710.0,4270.0,,,5830.0,306710.0,1.3,235.93076923076924,
2002,Mauritius,MUS,,325010.0,6400.0,6430.0,,,7410.0,345250.0,1.3,265.5769230769231,
2003,Mauritius,MUS,,352900.0,7200.0,4420.0,,,6560.0,371080.0,1.3,285.44615384615383,
2004,Mauritius,MUS,,365500.0,6100.0,3100.0,,,6390.0,381090.0,1.3,293.1461538461538,
2005,Mauritius,MUS,,363800.0,3760.0,2340.0,,,12460.0,382360.0,1.3,294.12307692307695,
2006,Mauritius,MUS,3752.0,387751.0,1109.0,10675.0,,,3752.0,403287.0,1.3,310.22076923076924,
2007,Mauritius,MUS,3387.0,367581.0,502.0,15234.0,,,9171.0,392488.0,1.3,301.9138461538462,
2008,Mauritius,MUS,6867.0,382860.0,2070.0,13946.0,,,2750.0,401626.0,1.3,308.94307692307694,
2009,Mauritius,MUS,7209.0,401990.0,671.0,10596.0,,,7473.0,420730.0,1.3,323.6384615384615,
2010,Mauritius,MUS,6339.0,402816.0,2394.0,12521.0,,,3732.0,421463.0,1.3,324.20230769230767,
2011,Mauritius,MUS,5942.0,394897.0,5306.0,12097.0,,,1455.0,413755.0,1.3,318.2730769230769,
2012,Mauritius,MUS,6061.0,400652.0,5601.0,8283.0,,,2114.0,416650.0,1.3,320.5,
2013,Mauritius,MUS,5316.0,428115.0,6141.0,7377.0,,,2243.0,443876.0,1.3,341.44307692307694,
2014,Mauritius,MUS,5707.0,442819.0,2363.0,5399.0,,,2224.0,452805.0,1.3,348.3115384615385,
2015,Mauritius,MUS,6333.0,469974.0,1488.0,4980.0,,,3680.0,480122.0,1.3,369.3246153846154,
2016,Mauritius,MUS,7028.0,428032.0,2757.0,4547.0,,,2331.0,437667.0,1.3,336.66692307692307,
2017,Mauritius,MUS,7576.0,462431.0,2090.0,5588.0,,,4511.0,474620.0,1.3,365.0923076923077,
2018,Mauritius,MUS,,522200.0,5009.0,5062.0,,,,532271.0,1.3,409.4392307692308,
2019,Mauritius,MUS,,512910.0,9578.0,1552.0,,,,524040.0,1.3,403.10769230769233,
2020,Mauritius,MUS,,475940.0,16082.0,3680.0,,,,495702.0,1.3,381.3092307692308,
2021,Mauritius,MUS,,477790.0,7102.0,1809.0,,,,486701.0,1.3,374.3853846153846,
2000,Morocco,MAR,,3980000.0,,974074.0,,,,4954074.0,36.9,134.25674796747967,
2001,Morocco,MAR,,,,,,,,4686716.0,36.9,127.01127371273712,
2002,Morocco,MAR,,,,,,,,4419358.0,36.9,119.76579945799458,
2003,Morocco,MAR,,4152000.0,,,,,,4152000.0,36.9,112.52032520325203,
2004,Morocco,MAR,,4709000.0,,,,,,4709000.0,36.9,127.61517615176152,
2005,Morocco,MAR,,,,,,,,3925500.0,36.9,106.3821138211382,
2006,Morocco,MAR,,,,,,,,3142000.0,36.9,85.1490514905149,
2007,Morocco,MAR,,,,,,,,2358500.0,36.9,63.9159891598916,
2008,Morocco,MAR,,,,1575000.0,,,,1575000.0,36.9,42.68292682926829,
2009,Morocco,MAR,,,,,,,,2932523.8,36.9,79.47218970189702,
2010,Morocco,MAR,,,,,,,,4290047.6,36.9,116.26145257452573,
2011,Morocco,MAR,,,,,,,,5647571.4,36.9,153.05071544715446,
2012,Morocco,MAR,,,,,,,,7005095.2,36.9,189.8399783197832,
2013,Morocco,MAR,,6850000.0,,1512619.0,,,,8362619.0,36.9,226.6292411924119,
2014,Morocco,MAR,,7283895.0,30000000.0,,,,,37283895.0,36.9,1010.4036585365853,
2015,Morocco,MAR,,7433045.0,,,,,,7433045.0,36.9,201.43753387533874,
2016,Morocco,MAR,,,,,,,,7433045.0,36.9,201.43753387533874,
2017,Morocco,MAR,,,,,,,,7433045.0,36.9,201.43753387533874,
2018,Morocco,MAR,,,,,,,,7433045.0,36.9,201.43753387533874,
2019,Morocco,MAR,,,,,,,,7433045.0,36.9,201.43753387533874,
2020,Morocco,MAR,,,,,,,,7433045.0,36.9,201.43753387533874,
2021,Morocco,MAR,,,,,,,,7433045.0,36.9,201.43753387533874,
1990,Netherlands,NLD,,,,,,,,,,,8.069
1991,Netherlands,NLD,,,,,,,,,,,8.069
1992,Netherlands,NLD,,,,,,,,,,,11.704
1993,Netherlands,NLD,,,,,,,,,,,15.339
1994,Netherlands,NLD,,,,,,,,,,,15.386
1995,Netherlands,NLD,,,,,,,,,,,16.455
1996,Netherlands,NLD,,,,,,,,,,,17.994
1997,Netherlands,NLD,,,,,,,,,,,19.086
1998,Netherlands,NLD,,,,,,,,,,,21.583
1999,Netherlands,NLD,,,,,,,,,,,23.222
2000,Netherlands,NLD,,,,,,,,,,,23.384
2001,Netherlands,NLD,,,,,,,,,,,23.547
2002,Netherlands,NLD,,,,,,,,,,,24.323
2003,Netherlands,NLD,,,,,,,,,,,26.215
2004,Netherlands,NLD,2392596.0,9455209.0,49619390.0,16078032.0,1600210.0,294882.0,,75152631.0,17.4,4319.116724137931,27.257
2005,Netherlands,NLD,,,,,,,,78487715.0,17.4,4510.788218390805,26.662
2006,Netherlands,NLD,2659520.0,9416499.0,56716250.0,15690050.0,1372320.0,216408.0,,81822799.0,17.4,4702.459712643678,27.917
2007,Netherlands,NLD,,,,,,,,82981108.5,17.4,4769.029224137931,28.931
2008,Netherlands,NLD,3468475.0,9434770.0,58886880.0,15817768.0,1430696.0,269042.0,,84139418.0,17.4,4835.598735632184,24.828
2009,Netherlands,NLD,,,,,,,,92691015.5,17.4,5327.069856321839,24.481
2010,Netherlands,NLD,4682517.0,9084649.0,78063890.0,14094074.0,1274922.0,184387.0,,101242613.0,17.4,5818.540977011494,24.821
2011,Netherlands,NLD,,,,,,,,97260312.5,17.4,5589.673132183908,24.169
2012,Netherlands,NLD,4618778.0,0.0,79166640.0,14111372.0,1342442.0,179140.0,,93278012.0,17.4,5360.805287356322,23.862
2013,Netherlands,NLD,,,,,,,,98732580.0,17.4,5674.286206896551,23.891
2014,Netherlands,NLD,4769683.0,0.0,90734850.0,13452298.0,1671432.0,131537.0,,104187148.0,17.4,5987.767126436782,23.744
2015,Netherlands,NLD,,,,,,,,112558323.0,17.4,6468.869137931035,24.608
2016,Netherlands,NLD,5085249.0,8549762.0,98551960.0,13827776.0,2048155.0,62231.0,,120929498.0,17.4,6949.971149425287,
2017,Netherlands,NLD,,,,,,,,122583645.5,17.4,7045.03709770115,
2018,Netherlands,NLD,4678699.0,8633590.0,101613170.0,13991033.0,1537499.0,68235.0,,124237793.0,17.4,7140.103045977012,
2019,Netherlands,NLD,,,,,,,,114315128.0,17.4,6569.834942528736,
2020,Netherlands,NLD,4896548.0,9284698.0,81866040.0,13241725.0,455228.0,71639.0,,104392463.0,17.4,5999.566839080459,
2000,Niger,NER,,,,,,,,2588000.0,24.2,106.94214876033058,
2001,Niger,NER,,2588000.0,,,,,,2588000.0,24.2,106.94214876033058,
2002,Niger,NER,,2673000.0,,,,,,2673000.0,24.2,110.45454545454545,
2003,Niger,NER,,2762000.0,,,,,,2762000.0,24.2,114.13223140495867,
2004,Niger,NER,,2853000.0,,,,,,2853000.0,24.2,117.89256198347107,
2005,Niger,NER,,2947000.0,,,,,,2947000.0,24.2,121.77685950413223,
2006,Niger,NER,,,,,,,,2701416.6666666665,24.2,111.62878787878788,
2007,Niger,NER,,,,,,,,2455833.3333333335,24.2,101.48071625344353,
2008,Niger,NER,,,,,,,,2210250.0,24.2,91.33264462809917,
2009,Niger,NER,,,,,,,,1964666.6666666665,24.2,81.18457300275482,
2010,Niger,NER,,,,,,,,1719083.3333333333,24.2,71.03650137741046,
2011,Niger,NER,,,,,,,,1473500.0,24.2,60.888429752066116,
2012,Niger,NER,,,,,,,,1227916.6666666665,24.2,50.74035812672176,
2013,Niger,NER,,,,,,,,982333.3333333333,24.2,40.59228650137741,
2014,Niger,NER,,,,,,,,736750.0,24.2,30.444214876033058,
2015,Niger,NER,,,,,,,,491166.6666666665,24.2,20.296143250688697,
2016,Niger,NER,,,,,,,,245583.33333333302,24.2,10.14807162534434,
2017,Niger,NER,,,,,352070.0,,,0.0,24.2,0.0,
2018,Niger,NER,,14510.0,,,,,,14510.0,24.2,0.5995867768595041,
2019,Niger,NER,,14960.0,,,,,,14960.0,24.2,0.6181818181818182,
2020,Niger,NER,,,,,,,,14960.0,24.2,0.6181818181818182,
2021,Niger,NER,,,,,,,,14960.0,24.2,0.6181818181818182,
1990,Norway,NOR,,,,,,,,,,,7.93
1991,Norway,NOR,,,,,,,,,,,7.93
1992,Norway,NOR,,,,,,,,,,,7.93
1993,Norway,NOR,,,,,,,,,,,10.373
1994,Norway,NOR,,,,,,,,,,,11.203
1995,Norway,NOR,,,,,,,,,,,11.815
1996,Norway,NOR,,,,,,,,,,,16.915
1997,Norway,NOR,,,,,,,,,,,20.128
1998,Norway,NOR,,,,,,,,,,,16.871
1999,Norway,NOR,,,,,,,,,,,21.849
2000,Norway,NOR,,,,,,,,,,,21.996
2001,Norway,NOR,,,,,,,,,,,30.47
2002,Norway,NOR,,,,,,,,,,,31.448
2003,Norway,NOR,,,,,,,,,,,31.363
2004,Norway,NOR,148558.0,1933939.0,1101407.0,2956380.0,40956.0,116222.0,,5991726.0,5.4,1109.578888888889,24.969
2005,Norway,NOR,,,,,,,,6524518.5,5.4,1208.2441666666666,26.367
2006,Norway,NOR,172417.0,2199862.0,1252051.0,3605398.0,45285.0,125146.0,,7057311.0,5.4,1306.9094444444445,26.83
2007,Norway,NOR,,,,,,,,7234634.5,5.4,1339.7471296296296,27.774
2008,Norway,NOR,184332.0,2224522.0,1498376.0,3689060.0,46328.0,113389.0,,7411958.0,5.4,1372.5848148148148,28.814
2009,Norway,NOR,,,,,,,,6935294.5,5.4,1284.3137962962962,27.319
2010,Norway,NOR,195252.0,2228608.0,1542803.0,2687220.0,28265.0,365756.0,,6458631.0,5.4,1196.0427777777777,26.523
2011,Norway,NOR,,,,,,,,6708054.0,5.4,1242.2322222222222,24.886
2012,Norway,NOR,150003.0,2437776.0,1880544.0,2639157.0,88580.0,470295.0,,6957477.0,5.4,1288.4216666666666,25.92
2013,Norway,NOR,,,,,,,,6819839.5,5.4,1262.9332407407408,23.419
2014,Norway,NOR,192189.0,2426530.0,2572427.0,1683245.0,190658.0,333977.0,,6682202.0,5.4,1237.444814814815,26.062
2015,Norway,NOR,,,,,,,,6874981.0,5.4,1273.1446296296297,26.129
2016,Norway,NOR,161946.0,2444305.0,3056136.0,1567319.0,213304.0,333720.0,,7067760.0,5.4,1308.8444444444444,
2017,Norway,NOR,,,,,,,,8474511.5,5.4,1569.3539814814815,
2018,Norway,NOR,174257.0,2418104.0,5653304.0,1809855.0,215530.0,169839.0,,9881263.0,5.4,1829.8635185185185,
2019,Norway,NOR,,,,,,,,10289959.0,5.4,1905.5479629629629,
2020,Norway,NOR,158562.0,2584831.0,6203343.0,1910481.0,219265.0,187331.0,,10698655.0,5.4,1981.2324074074074,
1990,Poland,POL,,,,,,,,,,,0.0
1991,Poland,POL,,,,,,,,,,,0.0
1992,Poland,POL,,,,,,,,,,,0.0
1993,Poland,POL,,,,,,,,,,,0.0
1994,Poland,POL,,,,,,,,,,,0.0
1995,Poland,POL,,,,,,,,,,,0.0
1996,Poland,POL,,,,,,,,,,,0.0
1997,Poland,POL,,,,,,,,,,,0.0
1998,Poland,POL,,,,,,,,,,,0.11
1999,Poland,POL,,,,,,,,,,,0.146
2000,Poland,POL,,,,,,,,,,,0.106
2001,Poland,POL,,,,,,,,,,,1.323
2002,Poland,POL,,,,,,,,,,,1.104
2003,Poland,POL,,,,,,,,,,,1.461
2004,Poland,POL,1522976.0,6768077.0,1677539.0,61514384.0,22069092.0,38297930.0,,69960000.0,38.0,1841.0526315789473,2.501
2005,Poland,POL,,,,,,,,76058776.0,38.0,2001.5467368421052,3.924
2006,Poland,POL,1522976.0,6885997.0,14141031.0,61130524.0,22404356.0,38671256.0,,82157552.0,38.0,2162.040842105263,4.931
2007,Poland,POL,,,,,,,,76356024.0,38.0,2009.369052631579,5.752
2008,Poland,POL,1350163.0,6879294.0,6929512.0,56745690.0,19541442.0,33665850.0,,70554496.0,38.0,1856.6972631578947,8.918
2009,Poland,POL,,,,,,,,64440091.5,38.0,1695.7918815789474,14.135
2010,Poland,POL,603472.0,8889685.0,20818234.0,28617768.0,20290800.0,61547016.0,,58325687.0,38.0,1534.8865,17.759
2011,Poland,POL,,,,,,,,57076425.5,38.0,1502.011197368421,11.935
2012,Poland,POL,884425.0,9324197.0,15367995.0,31134972.0,20706438.0,68035430.0,,55827164.0,38.0,1469.1358947368421,12.984
2013,Poland,POL,,,,,,,,56254515.5,38.0,1480.3819868421053,15.822
2014,Poland,POL,492106.0,8240413.0,17010252.0,31431202.0,21892196.0,75736490.0,,56681867.0,38.0,1491.6280789473685,21.104
2015,Poland,POL,,,,,,,,57589501.5,38.0,1515.513197368421,26.39
2016,Poland,POL,534931.0,9534484.0,18890576.0,30072076.0,20512488.0,70667480.0,,58497136.0,38.0,1539.3983157894736,
2017,Poland,POL,,,,,,,,57403267.5,38.0,1510.612302631579,
2018,Poland,POL,431500.0,9567727.0,16950306.0,29791366.0,18811486.0,64323964.0,,56309399.0,38.0,1481.8262894736843,
2019,Poland,POL,,,,,,,,59458885.5,38.0,1564.7075131578947,
2020,Poland,POL,281119.0,13229686.0,22051232.0,27327454.0,11212493.0,62338572.0,,62608372.0,38.0,1647.5887368421052,
1990,Portugal,PRT,,,,,,,,,,,1.134
1991,Portugal,PRT,,,,,,,,,,,1.134
1992,Portugal,PRT,,,,,,,,,,,1.134
1993,Portugal,PRT,,,,,,,,,,,1.134
1994,Portugal,PRT,,,,,,,,,,,1.134
1995,Portugal,PRT,,,,,,,,,,,1.134
1996,Portugal,PRT,,,,,,,,,,,1.431
1997,Portugal,PRT,,,,,,,,,,,1.671
1998,Portugal,PRT,,,,,,,,,,,1.948
1999,Portugal,PRT,,,,,,,,,,,2.455
2000,Portugal,PRT,,,,,,,,,,,3.343
2001,Portugal,PRT,,,,,,,,,,,4.025
2002,Portugal,PRT,,,,,,,,,,,4.642
2003,Portugal,PRT,,,,,,,,,,,4.836
2004,Portugal,PRT,694144.0,4582610.0,2625939.0,10126210.0,814655.0,4761297.0,,17334759.0,10.3,1682.9863106796117,6.85
2005,Portugal,PRT,,,,,,,,18256183.5,10.3,1772.445,8.551
2006,Portugal,PRT,213722.0,4641103.0,3607449.0,10929056.0,464834.0,3563416.0,,19177608.0,10.3,1861.9036893203884,9.705
2007,Portugal,PRT,,,,,,,,14791227.5,10.3,1436.041504854369,10.628
2008,Portugal,PRT,74760.0,5466307.0,1364419.0,3574121.0,193390.0,182657.0,,10404847.0,10.3,1010.1793203883495,10.356
2009,Portugal,PRT,,,,,,,,9937790.0,10.3,964.8339805825243,11.794
2010,Portugal,PRT,68829.0,5440930.0,1287140.0,2742663.0,295642.0,264140.0,,9470733.0,10.3,919.4886407766991,11.349
2011,Portugal,PRT,,,,,,,,8943106.0,10.3,868.262718446602,11.487
2012,Portugal,PRT,63215.0,4731431.0,1087141.0,2596907.0,400753.0,238382.0,,8415479.0,10.3,817.0367961165049,11.529
2013,Portugal,PRT,,,,,,,,8417661.0,10.3,817.2486407766991,12.921
2014,Portugal,PRT,50294.0,4710465.0,1185489.0,2523889.0,174543.0,921523.0,,8419843.0,10.3,817.4604854368932,16.233
2015,Portugal,PRT,,,,,,,,8786919.0,10.3,853.098932038835,16.233
2016,Portugal,PRT,55520.0,4897262.0,1710703.0,2546030.0,90213.0,408888.0,,9153995.0,10.3,888.7373786407767,
2017,Portugal,PRT,,,,,,,,9391895.5,10.3,911.8345145631068,
2018,Portugal,PRT,62073.0,5213148.0,1397749.0,3018899.0,177867.0,26114.0,,9629796.0,10.3,934.9316504854369,
2019,Portugal,PRT,,,,,,,,9819547.0,10.3,953.354077669903,
2020,Portugal,PRT,94347.0,5278502.0,1780360.0,2950436.0,212674.0,24741.0,,10009298.0,10.3,971.7765048543689,
1990,Slovakia,SVK,,,,,,,,,,,2.051
1991,Slovakia,SVK,,,,,,,,,,,2.051
1992,Slovakia,SVK,,,,,,,,,,,2.051
1993,Slovakia,SVK,,,,,,,,,,,2.051
1994,Slovakia,SVK,,,,,,,,,,,2.051
1995,Slovakia,SVK,,,,,,,,,,,2.051
1996,Slovakia,SVK,,,,,,,,,,,2.051
1997,Slovakia,SVK,,,,,,,,,,,2.051
1998,Slovakia,SVK,,,,,,,,,,,1.703
1999,Slovakia,SVK,,,,,,,,,,,1.695
2000,Slovakia,SVK,,,,,,,,,,,2.121
2001,Slovakia,SVK,,,,,,,,,,,2.2625
2002,Slovakia,SVK,,,,,,,,,,,2.404
2003,Slovakia,SVK,,,,,,,,,,,3.117
2004,Slovakia,SVK,605600.0,1475121.0,1403965.0,3878305.0,1733155.0,210680.0,,6757391.0,5.5,1228.6165454545455,3.254
2005,Slovakia,SVK,,,,,,,,7412021.0,5.5,1347.6401818181819,0.999
2006,Slovakia,SVK,741965.0,1623306.0,916228.0,5527117.0,1577183.0,331864.0,,8066651.0,5.5,1466.6638181818182,0.942
2007,Slovakia,SVK,,,,,,,,7804927.0,5.5,1419.0776363636364,2.558
2008,Slovakia,SVK,788788.0,1772426.0,1301760.0,4469017.0,1150662.0,150860.0,,7543203.0,5.5,1371.4914545454546,3.743
2009,Slovakia,SVK,,,,,,,,6858716.0,5.5,1247.0392727272726,4.49
2010,Slovakia,SVK,525604.0,1719012.0,1786430.0,2668787.0,877646.0,165584.0,,6174229.0,5.5,1122.5870909090909,5.741
2011,Slovakia,SVK,,,,,,,,5576733.0,5.5,1013.9514545454546,6.224
2012,Slovakia,SVK,549391.0,1656571.0,806184.0,2516482.0,1045757.0,310580.0,,4979237.0,5.5,905.3158181818181,8.428
2013,Slovakia,SVK,,,,,,,,5356081.5,5.5,973.833,6.667
2014,Slovakia,SVK,574396.0,1732983.0,1386685.0,2613258.0,544004.0,289110.0,,5732926.0,5.5,1042.350181818182,5.194
2015,Slovakia,SVK,,,,,,,,6017762.5,5.5,1094.1386363636364,7.67
2016,Slovakia,SVK,788559.0,1889523.0,967275.0,3445801.0,957776.0,316625.0,,6302599.0,5.5,1145.927090909091,
2017,Slovakia,SVK,,,,,,,,6256221.0,5.5,1137.4947272727272,
2018,Slovakia,SVK,529786.0,2254089.0,541876.0,3413878.0,975473.0,274660.0,,6209843.0,5.5,1129.0623636363637,
2019,Slovakia,SVK,,,,,,,,6394162.0,5.5,1162.5749090909092,
2020,Slovakia,SVK,562354.0,2361111.0,1150022.0,3067348.0,696660.0,205866.0,,6578481.0,5.5,1196.0874545454546,
1990,Slovenia,SVN,,,,,,,,,,,2.257
1991,Slovenia,SVN,,,,,,,,,,,2.257
1992,Slovenia,SVN,,,,,,,,,,,2.257
1993,Slovenia,SVN,,,,,,,,,,,2.257
1994,Slovenia,SVN,,,,,,,,,,,2.257
1995,Slovenia,SVN,,,,,,,,,,,2.257
1996,Slovenia,SVN,,,,,,,,,,,5.478
1997,Slovenia,SVN,,,,,,,,,,,5.153
1998,Slovenia,SVN,,,,,,,,,,,7.957
1999,Slovenia,SVN,,,,,,,,,,,5.176
2000,Slovenia,SVN,,,,,,,,,,,5.452
2001,Slovenia,SVN,,,,,,,,,,,1.89
2002,Slovenia,SVN,,,,,,,,,,,7.859
2003,Slovenia,SVN,,,,,,,,,,,11.457
2004,Slovenia,SVN,76497.0,660980.0,907963.0,1960074.0,1545745.0,128702.0,,3529017.0,2.1,1680.4842857142858,21.799
2005,Slovenia,SVN,,,,,,,,3999028.5,2.1,1904.2992857142858,19.986
2006,Slovenia,SVN,214335.0,1088875.0,994886.0,2385279.0,498570.0,376930.0,,4469040.0,2.1,2128.114285714286,16.414
2007,Slovenia,SVN,,,,,,,,4147103.5,2.1,1974.8111904761904,23.577
2008,Slovenia,SVN,132159.0,714165.0,1376225.0,1734777.0,353639.0,54519.0,,3825167.0,2.1,1821.5080952380952,20.981
2009,Slovenia,SVN,,,,,,,,3788231.5,2.1,1803.9197619047618,22.223
2010,Slovenia,SVN,141285.0,727708.0,1509476.0,1514112.0,1388080.0,11797.0,,3751296.0,2.1,1786.3314285714287,21.433
2011,Slovenia,SVN,,,,,,,,3136449.0,2.1,1493.547142857143,30.797
2012,Slovenia,SVN,164761.0,641449.0,535154.0,1344999.0,1069074.0,14448.0,,2521602.0,2.1,1200.7628571428572,37.861
2013,Slovenia,SVN,,,,,,,,2606886.0,2.1,1241.3742857142856,28.789
2014,Slovenia,SVN,102716.0,562375.0,815010.0,1314785.0,633319.0,7675.0,,2692170.0,2.1,1281.9857142857143,29.967
2015,Slovenia,SVN,,,,,,,,2653761.5,2.1,1263.6959523809523,47.796
2016,Slovenia,SVN,63248.0,642022.0,543690.0,1429641.0,784343.0,12786.0,,2615353.0,2.1,1245.4061904761904,
2017,Slovenia,SVN,,,,,,,,2794393.5,2.1,1330.6635714285715,
2018,Slovenia,SVN,61665.0,643342.0,669341.0,1660751.0,966444.0,14674.0,,2973434.0,2.1,1415.9209523809525,
2019,Slovenia,SVN,,,,,,,,2710026.5,2.1,1290.4888095238096,
2020,Slovenia,SVN,55730.0,630062.0,473118.0,1343439.0,911609.0,8827.0,,2446619.0,2.1,1165.0566666666666,
2000,South Africa,ZAF,,,,,,,,202930.0,59.3,3.4220910623946037,
2001,South Africa,ZAF,,,,,,,,202930.0,59.3,3.4220910623946037,
2002,South Africa,ZAF,,,,,,,,202930.0,59.3,3.4220910623946037,
2003,South Africa,ZAF,,,,,,,,202930.0,59.3,3.4220910623946037,
2004,South Africa,ZAF,,202930.0,,,,,,202930.0,59.3,3.4220910623946037,
2005,South Africa,ZAF,,974630.0,,,,,,974630.0,59.3,16.43558178752108,
2006,South Africa,ZAF,,1364080.0,,,,,,1364080.0,59.3,23.00303541315346,
2007,South Africa,ZAF,,1371819.9,,,,,,1371819.9,59.3,23.13355649241147,
2008,South Africa,ZAF,,,,,,,,4225964.925,59.3,71.26416399662732,
2009,South Africa,ZAF,,,,,,,,7080109.949999999,59.3,119.39477150084315,
2010,South Africa,ZAF,,,,,,,,9934254.975,59.3,167.52537900505902,
2011,South Africa,ZAF,3023600.0,8062900.0,4725500.0,,,369000.0,,12788400.0,59.3,215.65598650927487,
2012,South Africa,ZAF,,,,,,,,12207666.666666666,59.3,205.8628442945475,
2013,South Africa,ZAF,,,,,,,,11626933.333333334,59.3,196.06970207982013,
2014,South Africa,ZAF,,,,,,,,11046200.0,59.3,186.27655986509274,
2015,South Africa,ZAF,,,,,,,,10465466.666666666,59.3,176.48341765036537,
2016,South Africa,ZAF,,,,,,,,9884733.333333332,59.3,166.69027543563797,
2017,South Africa,ZAF,,4821000.0,4483000.0,,,,,9304000.0,59.3,156.89713322091063,
2018,South Africa,ZAF,,,,,,,,9304000.0,59.3,156.89713322091063,
2019,South Africa,ZAF,,,,,,,,9304000.0,59.3,156.89713322091063,
2020,South Africa,ZAF,,,,,,,,9304000.0,59.3,156.89713322091063,
2021,South Africa,ZAF,,,,,,,,9304000.0,59.3,156.89713322091063,
1990,Spain,ESP,,,,,,,,,,,15.398
1991,Spain,ESP,,,,,,,,,,,15.398
1992,Spain,ESP,,,,,,,,,,,15.398
1993,Spain,ESP,,,,,,,,,,,15.398
1994,Spain,ESP,,,,,,,,,,,15.398
1995,Spain,ESP,,,,,,,,,,,15.398
1996,Spain,ESP,,,,,,,,,,,15.398
1997,Spain,ESP,,,,,,,,,,,15.398
1998,Spain,ESP,,,,,,,,,,,15.398
1999,Spain,ESP,,,,,,,,,,,15.398
2000,Spain,ESP,,,,,,,,,,,15.398
2001,Spain,ESP,,,,,,,,,,,15.398
2002,Spain,ESP,,,,,,,,,,,15.398
2003,Spain,ESP,,,,,,,,,,,15.398
2004,Spain,ESP,17986084.0,24409990.0,46319660.0,28377050.0,5897332.0,21779548.0,,99106700.0,47.4,2090.8586497890296,15.398
2005,Spain,ESP,,,,,,,,96467866.0,47.4,2035.187046413502,15.398
2006,Spain,ESP,15152405.0,24078308.0,47323390.0,22427334.0,7229469.0,26014628.0,,93829032.0,47.4,1979.5154430379746,15.398
2007,Spain,ESP,,,,,,,,91277738.0,47.4,1925.6906751054853,15.398
2008,Spain,ESP,11355660.0,24431320.0,44926464.0,19368660.0,4872159.0,25716298.0,,88726444.0,47.4,1871.8659071729958,15.398
2009,Spain,ESP,,,,,,,,83175539.0,47.4,1754.7582067510548,15.178
2010,Spain,ESP,5816630.0,23198184.0,37946524.0,16479926.0,2339062.0,31732304.0,,77624634.0,47.4,1637.650506329114,17.56
2011,Spain,ESP,,,,,,,,69786078.0,47.4,1472.2801265822784,16.683
2012,Spain,ESP,5496458.0,21224354.0,26129152.0,14594016.0,5772474.0,22509144.0,,61947522.0,47.4,1306.909746835443,19.534
2013,Spain,ESP,,,,,,,,58669546.0,47.4,1237.754135021097,15.504
2014,Spain,ESP,5817439.0,20159648.0,20418072.0,14813850.0,5271536.0,18640872.0,,55391570.0,47.4,1168.598523206751,16.92
2015,Spain,ESP,,,,,,,,63588981.5,47.4,1341.539694092827,16.835
2016,Spain,ESP,6271464.0,21689436.0,35827924.0,14269033.0,3874067.0,20299472.0,,71786393.0,47.4,1514.480864978903,
2017,Spain,ESP,,,,,,,,73135515.0,47.4,1542.9433544303797,
2018,Spain,ESP,6258251.0,22699262.0,38075988.0,13709387.0,3283472.0,23594440.0,,74484637.0,47.4,1571.4058438818565,
2019,Spain,ESP,,,,,,,,71343281.0,47.4,1505.1325105485232,
2020,Spain,ESP,6330651.0,22509336.0,32542572.0,13150017.0,842775.0,2457752.0,,68201925.0,47.4,1438.85917721519,
2000,Sudan,SDN,,,,,,,,602250.0,43.8,13.75,
2001,Sudan,SDN,,,,,,,,602250.0,43.8,13.75,
2002,Sudan,SDN,,,,,,,,602250.0,43.8,13.75,
2003,Sudan,SDN,,,,,,,,602250.0,43.8,13.75,
2004,Sudan,SDN,,,,,,,,602250.0,43.8,13.75,
2005,Sudan,SDN,,602250.0,,,,,,602250.0,43.8,13.75,
2006,Sudan,SDN,,,,,,,,667040.0,43.8,15.229223744292238,
2007,Sudan,SDN,,731830.0,,,,,,731830.0,43.8,16.708447488584476,
2008,Sudan,SDN,,821250.0,,,,,,821250.0,43.8,18.75,
2009,Sudan,SDN,,912500.0,,,,,,912500.0,43.8,20.833333333333332,
2010,Sudan,SDN,,985500.0,,,,,,985500.0,43.8,22.5,
2011,Sudan,SDN,,,,,,,,985500.0,43.8,22.5,
2012,Sudan,SDN,,,,,,,,985500.0,43.8,22.5,
2013,Sudan,SDN,,,,,,,,985500.0,43.8,22.5,
2014,Sudan,SDN,,,,,,,,985500.0,43.8,22.5,
2015,Sudan,SDN,,,,,,,,985500.0,43.8,22.5,
2016,Sudan,SDN,,,,,,,,985500.0,43.8,22.5,
2017,Sudan,SDN,,,,,,,,985500.0,43.8,22.5,
2018,Sudan,SDN,,,,,,,,985500.0,43.8,22.5,
2019,Sudan,SDN,,,,,,,,985500.0,43.8,22.5,
2020,Sudan,SDN,,,,,,,,985500.0,43.8,22.5,
2021,Sudan,SDN,,,,,,,,985500.0,43.8,22.5,
1990,Sweden,SWE,,,,,,,,,,,12.5
1991,Sweden,SWE,,,,,,,,,,,13.916
1992,Sweden,SWE,,,,,,,,,,,15.332
1993,Sweden,SWE,,,,,,,,,,,16.748
1994,Sweden,SWE,,,,,,,,,,,18.164
1995,Sweden,SWE,,,,,,,,,,,20.117
1996,Sweden,SWE,,,,,,,,,,,23.424
1997,Sweden,SWE,,,,,,,,,,,25.095
1998,Sweden,SWE,,,,,,,,,,,27.247
1999,Sweden,SWE,,,,,,,,,,,28.988
2000,Sweden,SWE,,,,,,,,,,,28.916
2001,Sweden,SWE,,,,,,,,,,,29.054
2002,Sweden,SWE,,,,,,,,,,,31.208
2003,Sweden,SWE,,,,,,,,,,,31.614
2004,Sweden,SWE,314317.0,4079432.0,10271183.0,12633970.0,1103741.0,58599640.0,,26984585.0,10.4,2594.6716346153844,33.493
2005,Sweden,SWE,,,,,,,,26509571.5,10.4,2548.997259615385,34.24
2006,Sweden,SWE,314317.0,4340669.0,8943363.0,12750526.0,1318464.0,62084292.0,,26034558.0,10.4,2503.3228846153847,37.275
2007,Sweden,SWE,,,,,,,,22832345.5,10.4,2195.4178365384614,35.817
2008,Sweden,SWE,314314.0,4393002.0,3310326.0,11926805.0,1508043.0,58701930.0,,19630133.0,10.4,1887.5127884615385,34.133
2009,Sweden,SWE,,,,,,,,20436131.0,10.4,1965.012596153846,36.75
2010,Sweden,SWE,308946.0,4038272.0,9381226.0,7822631.0,1478523.0,89026210.0,,21242129.0,10.4,2042.5124038461538,34.371
2011,Sweden,SWE,,,,,,,,19624560.5,10.4,1886.976971153846,33.111
2012,Sweden,SWE,273071.0,4193105.0,7655935.0,6157952.0,1851739.0,129480920.0,,18006992.0,10.4,1731.4415384615384,32.753
2013,Sweden,SWE,,,,,,,,18386085.5,10.4,1767.8928365384616,33.365
2014,Sweden,SWE,655374.0,4172574.0,8866720.0,5725885.0,1895399.0,138898180.0,,18765179.0,10.4,1804.3441346153845,33.397
2015,Sweden,SWE,,,,,,,,19393606.0,10.4,1864.7698076923077,32.374
2016,Sweden,SWE,804382.0,4410872.0,9810987.0,5800174.0,1861618.0,109720080.0,,20022033.0,10.4,1925.1954807692307,
2017,Sweden,SWE,,,,,,,,21041922.0,10.4,2023.2617307692308,
2018,Sweden,SWE,962141.0,4505131.0,12383239.0,5173441.0,1903498.0,103554350.0,,22061811.0,10.4,2121.3279807692306,
2019,Sweden,SWE,,,,,,,,22786369.0,10.4,2190.997019230769,
2020,Sweden,SWE,1045928.0,4645784.0,14163489.0,4701654.0,1838207.0,116130580.0,,23510927.0,10.4,2260.6660576923077,
1990,Switzerland,CHE,,,,,,,,,,,22.207
1991,Switzerland,CHE,,,,,,,,,,,23.479
1992,Switzerland,CHE,,,,,,,,,,,24.085
1993,Switzerland,CHE,,,,,,,,,,,24.642
1994,Switzerland,CHE,,,,,,,,,,,27.887
1995,Switzerland,CHE,,,,,,,,,,,29.251
1996,Switzerland,CHE,,,,,,,,,,,30.766
1997,Switzerland,CHE,,,,,,,,,,,31.205
1998,Switzerland,CHE,,,,,,,,,,,32.188
1999,Switzerland,CHE,,,,,,,,,,,31.727
2000,Switzerland,CHE,,,,,,,,,,,31.706
2001,Switzerland,CHE,,,,,,,,,,,33.041
2002,Switzerland,CHE,,,,,,,,,,,31.969
2003,Switzerland,CHE,,,,,,,,,,,32.465
2004,Switzerland,CHE,,,,,,,,,8.6,,33.476
2005,Switzerland,CHE,,,,,,,,,8.6,,35.02
2006,Switzerland,CHE,,,,,,,,,8.6,,33.49
2007,Switzerland,CHE,,,,,,,,,8.6,,33.943
2008,Switzerland,CHE,,,,,,,,,8.6,,33.487
2009,Switzerland,CHE,,,,,,,,,8.6,,34.261
2010,Switzerland,CHE,,,,,,,,,8.6,,33.747
2011,Switzerland,CHE,0.0,,,,,,,0.0,8.6,,34.593
2012,Switzerland,CHE,,,,,,,,,8.6,,34.774
2013,Switzerland,CHE,,,,,,,,,8.6,,33.619
2014,Switzerland,CHE,,,,,,,,,8.6,,32.634
2015,Switzerland,CHE,,,,,,,,,8.6,,31.907
2016,Switzerland,CHE,,,,,,,,,8.6,,
2017,Switzerland,CHE,,,,,,,,,8.6,,
2018,Switzerland,CHE,,,,,,,,,8.6,,
2019,Switzerland,CHE,,,,,,,,,8.6,,
2020,Switzerland,CHE,,,,,,,,,8.6,,
2000,Tanzania,TZA,,,,,,,,430800.0,59.7,7.21608040201005,
2001,Tanzania,TZA,,,,,,,,430800.0,59.7,7.21608040201005,
2002,Tanzania,TZA,,,,,,,,430800.0,59.7,7.21608040201005,
2003,Tanzania,TZA,,,,,,,,430800.0,59.7,7.21608040201005,
2004,Tanzania,TZA,32440.0,325600.0,53700.0,45000.0,,,6500.0,430800.0,59.7,7.21608040201005,
2005,Tanzania,TZA,31440.0,333300.0,53800.0,45000.0,,,6500.0,438600.0,59.7,7.346733668341709,
2006,Tanzania,TZA,30820.0,341600.0,54000.0,45000.0,,,6900.0,447500.0,59.7,7.4958123953098825,
2007,Tanzania,TZA,30420.0,348720.0,55000.0,45000.0,,,7400.0,456120.0,59.7,7.6402010050251254,
2008,Tanzania,TZA,26040.0,356300.0,56000.0,45000.0,,,7800.0,465100.0,59.7,7.790619765494137,
2009,Tanzania,TZA,32550.0,333300.0,58000.0,45000.0,,,7500.0,443800.0,59.7,7.433835845896147,
2010,Tanzania,TZA,37560.0,341600.0,70800.0,64500.0,,,7400.0,484300.0,59.7,8.112227805695142,
2011,Tanzania,TZA,33750.0,348720.0,69000.0,64500.0,,,9000.0,491220.0,59.7,8.228140703517587,
2012,Tanzania,TZA,31740.0,356300.0,69800.0,71036.0,,,8000.0,505136.0,59.7,8.461239530988275,
2013,Tanzania,TZA,34540.0,363800.0,70800.0,71800.0,,,7000.0,513400.0,59.7,8.59966499162479,
2014,Tanzania,TZA,35840.0,415300.0,87000.0,72530.0,,,7020.0,581850.0,59.7,9.746231155778894,
2015,Tanzania,TZA,41740.0,417800.0,121600.0,8030.0,,2600.0,18000.0,565430.0,59.7,9.471189279731993,
2016,Tanzania,TZA,,,,,,,,706715.0,59.7,11.837772194304858,
2017,Tanzania,TZA,167000.0,653000.0,98000.0,49000.0,,,48000.0,848000.0,59.7,14.204355108877722,
2018,Tanzania,TZA,173000.0,677000.0,96000.0,51000.0,,,49000.0,873000.0,59.7,14.623115577889447,
2019,Tanzania,TZA,179000.0,702000.0,97000.0,53000.0,,,50000.0,902000.0,59.7,15.108877721943049,
2020,Tanzania,TZA,185000.0,726000.0,99000.0,54000.0,,,49000.0,928000.0,59.7,15.544388609715243,
2021,Tanzania,TZA,,,,,,,,928000.0,59.7,15.544388609715243,
2000,Togo,TGO,,,,,,,,246000.0,8.3,29.638554216867465,
2001,Togo,TGO,,,,,,,,246000.0,8.3,29.638554216867465,
2002,Togo,TGO,,,,,,,,246000.0,8.3,29.638554216867465,
2003,Togo,TGO,,,,,,,,246000.0,8.3,29.638554216867465,
2004,Togo,TGO,,,,,,,,246000.0,8.3,29.638554216867465,
2005,Togo,TGO,,,,,,,,246000.0,8.3,29.638554216867465,
2006,Togo,TGO,,246000.0,,,,,,246000.0,8.3,29.638554216867465,
2007,Togo,TGO,,250000.0,,,,,,250000.0,8.3,30.12048192771084,
2008,Togo,TGO,,255000.0,,,,,,255000.0,8.3,30.722891566265055,
2009,Togo,TGO,,259000.0,,,,,,259000.0,8.3,31.20481927710843,
2010,Togo,TGO,,264000.0,,,,,,264000.0,8.3,31.807228915662648,
2011,Togo,TGO,,269000.0,,,,,,269000.0,8.3,32.40963855421686,
2012,Togo,TGO,,274000.0,,,,,,274000.0,8.3,33.01204819277108,
2013,Togo,TGO,,,,,,,,274000.0,8.3,33.01204819277108,
2014,Togo,TGO,,,,,,,,274000.0,8.3,33.01204819277108,
2015,Togo,TGO,,,,,,,,274000.0,8.3,33.01204819277108,
2016,Togo,TGO,,,,,,,,274000.0,8.3,33.01204819277108,
2017,Togo,TGO,,,,,,,,274000.0,8.3,33.01204819277108,
2018,Togo,TGO,,,,,,,,274000.0,8.3,33.01204819277108,
2019,Togo,TGO,,,,,,,,274000.0,8.3,33.01204819277108,
2020,Togo,TGO,,,,,,,,274000.0,8.3,33.01204819277108,
2021,Togo,TGO,,,,,,,,274000.0,8.3,33.01204819277108,
2000,Tunisia,TUN,55000.0,1512000.0,,7200000.0,11900.0,,,8712000.0,11.8,738.3050847457627,
2001,Tunisia,TUN,,1529000.0,,7500000.0,12500.0,,,9029000.0,11.8,765.1694915254237,
2002,Tunisia,TUN,,1546000.0,,7820000.0,,,,9366000.0,11.8,793.728813559322,
2003,Tunisia,TUN,,1554000.0,,7500000.0,,,,9054000.0,11.8,767.2881355932203,
2004,Tunisia,TUN,,1701000.0,2000000.0,,,,,3701000.0,11.8,313.64406779661016,
2005,Tunisia,TUN,,,,,,,,3200666.6666666665,11.8,271.2429378531073,
2006,Tunisia,TUN,,,,,,,,2700333.3333333335,11.8,228.84180790960454,
2007,Tunisia,TUN,,2200000.0,,,,,,2200000.0,11.8,186.4406779661017,
2008,Tunisia,TUN,,,,,,,,2240000.0,11.8,189.83050847457628,
2009,Tunisia,TUN,,,,,,,,2280000.0,11.8,193.22033898305085,
2010,Tunisia,TUN,,,,,,,,2320000.0,11.8,196.61016949152543,
2011,Tunisia,TUN,,,,,,,,2360000.0,11.8,200.0,
2012,Tunisia,TUN,,2400000.0,,,,,,2400000.0,11.8,203.38983050847457,
2013,Tunisia,TUN,,,,,,,,2400000.0,11.8,203.38983050847457,
2014,Tunisia,TUN,,,,,,,,2400000.0,11.8,203.38983050847457,
2015,Tunisia,TUN,,,,,,,,2400000.0,11.8,203.38983050847457,
2016,Tunisia,TUN,,,,,,,,2400000.0,11.8,203.38983050847457,
2017,Tunisia,TUN,,,,,,,,2400000.0,11.8,203.38983050847457,
2018,Tunisia,TUN,,,,,,,,2400000.0,11.8,203.38983050847457,
2019,Tunisia,TUN,,,,,,,,2400000.0,11.8,203.38983050847457,
2020,Tunisia,TUN,,,,,,,,2400000.0,11.8,203.38983050847457,
2021,Tunisia,TUN,,,,,,,,2400000.0,11.8,203.38983050847457,
1990,Turkey,TUR,,,,,,,,,,,0.0
1991,Turkey,TUR,,,,,,,,,,,0.0
1992,Turkey,TUR,,,,,,,,,,,0.0
1993,Turkey,TUR,,,,,,,,,,,0.0
1994,Turkey,TUR,,,,,,,,,,,0.0
1995,Turkey,TUR,,,,,,,,,,,0.0
1996,Turkey,TUR,,,,,,,,,,,0.0
1997,Turkey,TUR,,,,,,,,,,,0.0
1998,Turkey,TUR,,,,,,,,,,,0.0
1999,Turkey,TUR,,,,,,,,,,,0.0
2000,Turkey,TUR,,,,,,,,,,,0.0
2001,Turkey,TUR,,,,,,,,,,,0.0
2002,Turkey,TUR,,,,,,,,,,,0.0
2003,Turkey,TUR,,,,,,,,,,,0.0
2004,Turkey,TUR,0.0,29224710.0,,16324633.0,13209467.0,,,45549343.0,84.3,540.3243534994069,0.0
2005,Turkey,TUR,,,,,,,,37815581.5,84.3,448.5834104389087,0.0
2006,Turkey,TUR,0.0,30081820.0,,0.0,16009808.0,,,30081820.0,84.3,356.84246737841045,0.0
2007,Turkey,TUR,,,,,,,,34635659.0,84.3,410.86190984578883,0.0
2008,Turkey,TUR,0.0,28454024.0,0.0,10735474.0,25525058.0,0.0,,39189498.0,84.3,464.88135231316727,0.0
2009,Turkey,TUR,,,,,,,,34388481.0,84.3,407.92978647686834,0.0
2010,Turkey,TUR,0.0,29587464.0,,,18577832.0,3909086.0,,29587464.0,84.3,350.9782206405694,0.0
2011,Turkey,TUR,0.0,,,,,,,0.0,84.3,0.0,0.0
2012,Turkey,TUR,0.0,30785436.0,,,18423742.0,4744868.0,,30785436.0,84.3,365.1890391459075,0.0
2013,Turkey,TUR,,,,,,,,35130852.0,84.3,416.73608540925267,0.0
2014,Turkey,TUR,0.0,25133904.0,0.0,14342364.0,24014436.0,3114475.0,,39476268.0,84.3,468.28313167259785,0.0
2015,Turkey,TUR,,,,,,,,40429437.0,84.3,479.59,0.0
2016,Turkey,TUR,0.0,28097948.0,0.0,13284658.0,19341728.0,8530862.0,,41382606.0,84.3,490.89686832740216,
2017,Turkey,TUR,,,,,,,,34740910.0,84.3,412.11043890865955,
2018,Turkey,TUR,0.0,28099214.0,0.0,,25403120.0,17381572.0,,28099214.0,84.3,333.324009489917,
2019,Turkey,TUR,,,,,,,,38619881.0,84.3,458.12432977461447,
2020,Turkey,TUR,0.0,28489632.0,0.0,20650916.0,24284412.0,27576590.0,,49140548.0,84.3,582.924650059312,
1990,United Kingdom,GBR,,,,,,,,,,,6.987
1991,United Kingdom,GBR,,,,,,,,,,,6.987
1992,United Kingdom,GBR,,,,,,,,,,,6.987
1993,United Kingdom,GBR,,,,,,,,,,,6.987
1994,United Kingdom,GBR,,,,,,,,,,,6.987
1995,United Kingdom,GBR,,,,,,,,,,,6.987
1996,United Kingdom,GBR,,,,,,,,,,,6.426
1997,United Kingdom,GBR,,,,,,,,,,,7.261
1998,United Kingdom,GBR,,,,,,,,,,,8.682
1999,United Kingdom,GBR,,,,,,,,,,,10.213
2000,United Kingdom,GBR,,,,,,,,,,,8.352
2001,United Kingdom,GBR,,,,,,,,,,,9.104
2002,United Kingdom,GBR,,,,,,,,,,,10.505
2003,United Kingdom,GBR,,,,,,,,,,,13.33
2004,United Kingdom,GBR,719198.0,31007480.0,99234130.0,35056300.0,6915342.0,35137940.0,,165297910.0,67.1,2463.456184798808,15.675
2005,United Kingdom,GBR,,,,,,,,167735743.0,67.1,2499.787526080477,18.127
2006,United Kingdom,GBR,666485.0,32466328.0,109545980.0,28161268.0,6872788.0,31782794.0,,170173576.0,67.1,2536.1188673621464,20.093
2007,United Kingdom,GBR,,,,,,,,162774783.0,67.1,2425.8536959761554,22.18
2008,United Kingdom,GBR,681314.0,31539338.0,100999496.0,22837156.0,4884533.0,34057624.0,,155375990.0,67.1,2315.588524590164,23.408
2009,United Kingdom,GBR,,,,,,,,156321767.5,67.1,2329.6835692995533,24.272
2010,United Kingdom,GBR,464297.0,27393710.0,118910600.0,10963235.0,3025707.0,17671910.0,,157267545.0,67.1,2343.778614008942,25.25
2011,United Kingdom,GBR,,,,,,,,154662728.5,67.1,2304.9586959761555,26.183
2012,United Kingdom,GBR,610133.0,26416270.0,114120790.0,11520852.0,4667205.0,16833964.0,,152057912.0,67.1,2266.1387779433685,26.821
2013,United Kingdom,GBR,,,,,,,,159797213.0,67.1,2381.4785842026827,27.369
2014,United Kingdom,GBR,612429.0,26797104.0,130284140.0,10455270.0,2769687.0,17285028.0,,167536514.0,67.1,2496.8183904619973,27.334
2015,United Kingdom,GBR,,,,,,,,171100062.5,67.1,2549.9264157973175,27.371
2016,United Kingdom,GBR,576195.0,27300580.0,136196500.0,11166531.0,1162939.0,14404495.0,,174663611.0,67.1,2603.034441132638,
2017,United Kingdom,GBR,,,,,,,,175045846.5,67.1,2608.7309463487336,
2018,United Kingdom,GBR,616865.0,26410926.0,137798240.0,11218916.0,687236.0,14776902.0,,175428082.0,67.1,2614.427451564829,
2019,United Kingdom,GBR,,,,,,,,87714041.0,67.1,1307.2137257824145,
2020,United Kingdom,GBR,0.0,0.0,,,,,,0.0,67.1,0.0,
2000,Zambia,ZMB,,1215000.0,,,,,,1215000.0,18.4,66.03260869565217,
2001,Zambia,ZMB,,,,,,,,1263600.0,18.4,68.67391304347827,
2002,Zambia,ZMB,,,,,,,,1312200.0,18.4,71.31521739130434,
2003,Zambia,ZMB,,,,,,,,1360800.0,18.4,73.95652173913044,
2004,Zambia,ZMB,,,,,,,,1409400.0,18.4,76.59782608695652,
2005,Zambia,ZMB,,1458000.0,,,,,,1458000.0,18.4,79.23913043478261,
2006,Zambia,ZMB,,,,,,,,1458000.0,18.4,79.23913043478261,
2007,Zambia,ZMB,,,,,,,,1458000.0,18.4,79.23913043478261,
2008,Zambia,ZMB,,,,,,,,1458000.0,18.4,79.23913043478261,
2009,Zambia,ZMB,,,,,,,,1458000.0,18.4,79.23913043478261,
2010,Zambia,ZMB,,,,,,,,1458000.0,18.4,79.23913043478261,
2011,Zambia,ZMB,,,,,,,,1458000.0,18.4,79.23913043478261,
2012,Zambia,ZMB,,,,,,,,1458000.0,18.4,79.23913043478261,
2013,Zambia,ZMB,,,,,,,,1458000.0,18.4,79.23913043478261,
2014,Zambia,ZMB,,,,,,,,1458000.0,18.4,79.23913043478261,
2015,Zambia,ZMB,,,,,,,,1458000.0,18.4,79.23913043478261,
2016,Zambia,ZMB,,,,,,,,1458000.0,18.4,79.23913043478261,
2017,Zambia,ZMB,,,,,,,,1458000.0,18.4,79.23913043478261,
2018,Zambia,ZMB,,,,,,,,1458000.0,18.4,79.23913043478261,
2019,Zambia,ZMB,,,,,,,,1458000.0,18.4,79.23913043478261,
2020,Zambia,ZMB,,,,,,,,1458000.0,18.4,79.23913043478261,
2021,Zambia,ZMB,,,,,,,,1458000.0,18.4,79.23913043478261,
2000,Zimbabwe,ZWE,,,,,,,,774993.77,14.9,52.013004697986574,
2001,Zimbabwe,ZWE,,,,,,,,774993.77,14.9,52.013004697986574,
2002,Zimbabwe,ZWE,,,,,,,,774993.77,14.9,52.013004697986574,
2003,Zimbabwe,ZWE,,,,,,,,774993.77,14.9,52.013004697986574,
2004,Zimbabwe,ZWE,,,,,,,,774993.77,14.9,52.013004697986574,
2005,Zimbabwe,ZWE,,,,,,,,774993.77,14.9,52.013004697986574,
2006,Zimbabwe,ZWE,,,,,,,,774993.77,14.9,52.013004697986574,
2007,Zimbabwe,ZWE,,,,,,,,774993.77,14.9,52.013004697986574,
2008,Zimbabwe,ZWE,,,,,,,,774993.77,14.9,52.013004697986574,
2009,Zimbabwe,ZWE,,,,,,,,774993.77,14.9,52.013004697986574,
2010,Zimbabwe,ZWE,,,,,,,,774993.77,14.9,52.013004697986574,
2011,Zimbabwe,ZWE,,,,,,,,774993.77,14.9,52.013004697986574,
2012,Zimbabwe,ZWE,,,,,,,,774993.77,14.9,52.013004697986574,
2013,Zimbabwe,ZWE,,,,,,,,774993.77,14.9,52.013004697986574,
2014,Zimbabwe,ZWE,,,,,,,,774993.77,14.9,52.013004697986574,
2015,Zimbabwe,ZWE,,,,,,,,774993.77,14.9,52.013004697986574,
2016,Zimbabwe,ZWE,1960.9,483341.94,1167.23,98247.58,6000.0,23.0,192237.02,774993.77,14.9,52.013004697986574,
2017,Zimbabwe,ZWE,2588.71,407835.94,688.43,53993.82,6000.0,13.44,261658.11,724176.3,14.9,48.60243624161074,
2018,Zimbabwe,ZWE,,,,,,,,724176.3,14.9,48.60243624161074,
2019,Zimbabwe,ZWE,,,,,,,,724176.3,14.9,48.60243624161074,
2020,Zimbabwe,ZWE,,,,,,,,724176.3,14.9,48.60243624161074,
2021,Zimbabwe,ZWE,,,,,,,,724176.3,14.9,48.60243624161074,
