Entity,Code,Year,"12.4.2 - Total waste generation, by activity (Tonnes) - EN_TWT_GENV - Agriculture, forestry and fishing","12.4.2 - Total waste generation, by activity (Tonnes) - EN_TWT_GENV - Activities of households as employers; undifferentiated goods- and services-producing activities of households for own use","12.4.2 - Total waste generation, by activity (Tonnes) - EN_TWT_GENV - Construction","12.4.2 - Total waste generation, by activity (Tonnes) - EN_TWT_GENV - Manufacturing","12.4.2 - Total waste generation, by activity (Tonnes) - EN_TWT_GENV - Electricity, gas, steam and air conditioning supply","12.4.2 - Total waste generation, by activity (Tonnes) - EN_TWT_GENV - Mining and quarrying","12.4.2 - Total waste generation, by activity (Tonnes) - EN_TWT_GENV - Other service activities"
Algeria,DZA,2002,,5200000,,,,,
Algeria,DZA,2005,,8500000,,,,,
Algeria,DZA,2009,,9600000,,,,,
Algeria,DZA,2014,,10477917,,,,,
Algeria,DZA,2015,,10857376,,,,,
Algeria,DZA,2016,,11273867,,,,,
Algeria,DZA,2017,,11700525,,,,,
Algeria,DZA,2018,,12137564,,,,,
Algeria,DZA,2019,,8270000,,,,,4340000
Algeria,DZA,2020,,7730000,,,,,3090000
Algeria,DZA,2021,,7850000,,,,,3170000
Andorra,AND,2008,0,45500,81630,320,0,0,8030
Andorra,AND,2009,0,45530,53490,660,110,0,9380
Andorra,AND,2011,891,44110,31240,730,6,0,6980
Andorra,AND,2012,1480,41960,19310,580,7,0,6000
Andorra,AND,2013,1572.6,40314.9,25518.3,591.1,0,0,4966
Andorra,AND,2014,2539.6,39759.1,33990.4,576.4,14.3,0,8420.7
Andorra,AND,2015,926.9,41163.9,38917.3,579.2,0,0,6837.5
Andorra,AND,2016,981.6,42173.7,33454.8,585.3,4,0,6884.8
Andorra,AND,2017,1005.3,42443.9,49179.1,579.2,0,0,6591.8
Andorra,AND,2018,1216.9,42441.4,53558.2,591.9,0,0,7525
Andorra,AND,2019,915.6,40782.2,53358.8,631.6,0,0,7547.6
Andorra,AND,2020,1240,37760,53840,580,20,0,7620
Andorra,AND,2021,1260,36490,61330,550,0,0,7380
Andorra,AND,2003,,48500,,,,0,
Andorra,AND,2004,,48300,,,,0,
Andorra,AND,2005,,48610,,,,0,
Andorra,AND,2006,,49750,,,,0,
Andorra,AND,2007,,43940,80420,,,0,
Andorra,AND,2010,,48960,49940,740,20,0,8400
Andorra,AND,2001,,,,,,0,
Andorra,AND,2002,,,,,,0,
Andorra,AND,2000,,,,,,,2700
Anguilla,AIA,2001,649.91,3093.15,626.39,,,,1265.19
Anguilla,AIA,2002,612.34,2979.07,538.4,,,,975.15
Anguilla,AIA,2003,551.1,2786.1,540.9,,,,761.62
Anguilla,AIA,2004,743.78,3429.98,523.74,,,,575.79
Anguilla,AIA,2005,1624.73,4018.03,1318.2,,,,1051.12
Anguilla,AIA,2006,2651.88,4797.98,1580.5,,,,1422.49
Anguilla,AIA,2007,3486.89,5287.65,1516.84,,,,2069.02
Anguilla,AIA,2008,4000.76,5037.98,1763.85,,,,3852.11
Antigua and Barbuda,ATG,2005,,21250,10000,,,,15200
Antigua and Barbuda,ATG,2006,,20500,9800,150,,,13150
Antigua and Barbuda,ATG,2007,,20800,17800,260,,,13200
Antigua and Barbuda,ATG,2008,,23000,10600,240,,,12400
Antigua and Barbuda,ATG,2009,,22700,7900,180,,,9600
Antigua and Barbuda,ATG,2010,,24300,4900,280,,,9400
Antigua and Barbuda,ATG,2011,,22300,3600,210,,,9200
Antigua and Barbuda,ATG,2012,,20900,4800,130,,,9400
Antigua and Barbuda,ATG,2013,,20900,4000,190,,,9100
Antigua and Barbuda,ATG,2014,,20900,3900,350,,,9800
Antigua and Barbuda,ATG,2015,,21400,5800,240,,,9500
Antigua and Barbuda,ATG,2016,,21530,7860,180,,,10380
Antigua and Barbuda,ATG,2017,,23250,11700,120,,,11740
Antigua and Barbuda,ATG,2018,,23090,11850,140,,,12740
Antigua and Barbuda,ATG,2019,,24160,13390,230,,,12630
Antigua and Barbuda,ATG,2020,,25400,6890,640,,,9150
Antigua and Barbuda,ATG,2021,,20500,7100,580,,,8020
Argentina,ARG,2021,,19228222,,,,,
Armenia,ARM,2000,120,381600,6300,3200,100,1527800,1800
Armenia,ARM,2001,130,375500,5900,3300,100,3648600,3900
Armenia,ARM,2002,120,377900,8200,3600,200,3278600,6100
Armenia,ARM,2003,110,344100,8800,4200,400,16083600,10000
Armenia,ARM,2004,120,351400,8700,5100,300,17621200,24700
Armenia,ARM,2005,120,346300,9100,5800,400,11197700,24500
Armenia,ARM,2006,130,352300,9600,7700,500,12381200,21700
Armenia,ARM,2007,120,362300,11600,8700,900,13308100,16800
Armenia,ARM,2008,140,385800,1900,11500,200,11432300,9600
Armenia,ARM,2009,130,393400,2700,14600,200,14730900,17600
Armenia,ARM,2010,150,387100,5400,18800,200,17281200,31400
Armenia,ARM,2011,2850,395500,12240,12700,280,27563980,2740
Armenia,ARM,2012,3690,408100,18490,13430,1390,38988100,3990
Armenia,ARM,2013,2700,517690,15760,17550,330,49280012,6740
Armenia,ARM,2014,140,517700,15620,17320,550,46462450,15830
Armenia,ARM,2015,1570,492800,7820,18360,910,47292180,17680
Armenia,ARM,2016,2200,499700,70100,13200,800,55069300,5800
Armenia,ARM,2017,1400,493900,40600,23900,8900,59508300,39400
Armenia,ARM,2018,3600,469900,13200,34300,600,67077000,17500
Armenia,ARM,2019,3400,472800,20100,39100,2800,67344200,8400
Armenia,ARM,2020,5670,573200,17230,56100,1060,73305300,3730
Armenia,ARM,2021,5680,487400,8660,52300,6770,88170300,4360
Australia,AUS,2011,0,12798870,18319000,,13581000,,
Australia,AUS,2017,16200000,11975075,23355000,11259000,12224000,30600000,
Australia,AUS,2019,17100000,11943144,27032000,12795000,12529000,502172000,
Australia,AUS,2000,,7660000,,,,,
Australia,AUS,2003,,8903000,,,,,
Australia,AUS,2007,,12241400,16787000,,14351000,,
Australia,AUS,2008,,12441680,,,,,
Australia,AUS,2009,,12676074,18441000,,14154000,,
Australia,AUS,2010,,12882481,18364000,,13879000,,
Australia,AUS,2012,,12893720,,,,,
Australia,AUS,2013,,13009930,,,,,
Australia,AUS,2014,,13099915,17772000,,12316000,,
Australia,AUS,2015,,13266019,19082000,,12240000,,
Australia,AUS,2016,,12368326,20903000,,12200000,,
Australia,AUS,2018,,12009404,26316000,12528000,12340000,,
Austria,AUT,2004,468629,3441041,27935266,15072970,365184,621924,
Austria,AUT,2006,512872,3711839,31321626,11470174,2017095,1042516,
Austria,AUT,2008,459096,3819277,31389804,13076830,568962,677937,
Austria,AUT,2010,550439,4622626,20927070,2958490,453221,269151,
Austria,AUT,2012,179044,4020113,33468558,3636406,621680,51339,
Austria,AUT,2014,128124,4170023,40265570,5395577,531191,43232,
Austria,AUT,2016,129834,4268278,44914816,5641050,516385,39305,
Austria,AUT,2018,139870,4407376,48883068,5713934,504425,56454,
Austria,AUT,2020,168233,4630301,52701740,5139829,401164,40942,
Azerbaijan,AZE,2001,10400,1267800,0,145300,700,13800,100
Azerbaijan,AZE,2002,13100,1853800,0,240300,500,27900,100
Azerbaijan,AZE,2003,19400,1888500,800,429400,800,39200,100
Azerbaijan,AZE,2004,20900,1783600,0,573100,33300,52700,100
Azerbaijan,AZE,2005,15800,1753100,9200,741700,26000,22400,3800
Azerbaijan,AZE,2006,8200,1573100,100,486000,20300,15800,337200
Azerbaijan,AZE,2007,6400,1631400,400,393400,2400,33300,316200
Azerbaijan,AZE,2008,2700,1478400,200,463200,3600,32600,284100
Azerbaijan,AZE,2009,2700,1602600,0,325400,3200,153500,196500
Azerbaijan,AZE,2010,2600,1609300,600,414600,1600,246600,6200
Azerbaijan,AZE,2011,9200,1780500,600,529300,4600,409500,55900
Azerbaijan,AZE,2012,12300,1647100,700,868600,11200,542900,13900
Azerbaijan,AZE,2013,18700,1670900,1200,482300,5600,334300,62500
Azerbaijan,AZE,2014,18400,1354900,1100,394400,3300,550000,63900
Azerbaijan,AZE,2015,20000,1534700,3300,526900,4600,196700,64200
Azerbaijan,AZE,2016,25900,1590100,1600,650500,2200,644500,100900
Azerbaijan,AZE,2017,21200,1576200,1600,710600,5400,186500,174200
Azerbaijan,AZE,2018,24200,1756100,3700,743200,4300,204300,140800
Azerbaijan,AZE,2019,33200,2021600,2900,764800,5600,207800,220100
Azerbaijan,AZE,2020,31500,2350000,3100,692500,7600,206300,161300
Azerbaijan,AZE,2021,29800,2581200,2100,791800,2300,176200,194800
Azerbaijan,AZE,2000,,1104000,,,,,
Bahamas,BHS,2004,,65400,59386,,,,44076
Bahamas,BHS,2005,,90481,81593,,,,67872
Bahamas,BHS,2006,,89401,101658,,,,36109
Bangladesh,BGD,2005,65000000,2919600,,,,,
Bangladesh,BGD,2019,929890.7,12875263,121370.8,11281800,507226.1,774033.7,7038469.5
Bangladesh,BGD,2020,1152985.2,12564003,120707,12080396,516680.4,617722.6,5979098.5
Bangladesh,BGD,2021,909254.5,12405911,72762.4,10693557,2901665.8,757647,5071166.5
Bangladesh,BGD,2009,,4053600,,,,,
Bangladesh,BGD,2014,,5187600,,,,,
Bangladesh,BGD,2008,,,,263963000,,,
Barbados,BRB,2009,,6110000,,,,,
Barbados,BRB,2010,,50780180,,,,,
Barbados,BRB,2011,,109880140,,,,,
Barbados,BRB,2012,,105644120,,,,,
Barbados,BRB,2013,,112677410,,,,,
Barbados,BRB,2014,,107094170,,,,,
Barbados,BRB,2015,,103601490,,,,,
Barbados,BRB,2016,,87677760,,,,,
Barbados,BRB,2017,,67880770,,,,,
Barbados,BRB,2018,,98936290,,,,,
Barbados,BRB,2019,,104837160,,,,,
Barbados,BRB,2020,,110871020,,,,,
Barbados,BRB,2021,,112643300,,,,,
Belarus,BLR,2010,440400,,1136800,39228900,170400,1431300,1367600
Belarus,BLR,2011,400700,,752800,35509900,450800,4740600,2452700
Belarus,BLR,2012,236700,,433700,30775000,156900,4021900,5222900
Belarus,BLR,2013,212000,,467900,26977200,488900,4856400,7302600
Belarus,BLR,2014,248400,,321300,38836200,509000,5573000,7041400
Belarus,BLR,2015,414000,,493000,38605000,1002000,4161000,5190300
Belarus,BLR,2016,563900,,1172300,42900100,276500,1253400,3282000
Belarus,BLR,2017,621000,,1446800,47855300,447500,1011900,4123600
Belarus,BLR,2018,698900,,1682400,52025000,705900,1207100,4404100
Belarus,BLR,2019,727400,,1976600,50887600,661400,1248800,5335100
Belarus,BLR,2020,997050,,1856980,50016570,499300,455870,7357660
Belarus,BLR,2021,702350,,1756940,50506830,511250,1670840,7101780
Belgium,BEL,2004,1186648,5325207,11037080,18177314,989669,384179,
Belgium,BEL,2006,361827,4745161,13089651,15307573,1285396,159059,
Belgium,BEL,2008,287656,4459161,15441861,10090329,1086721,503487,
Belgium,BEL,2010,225622,5862032,16852672,14327418,1209045,1701199,
Belgium,BEL,2012,165463,5294743,17132768,12956261,1301037,81147,
Belgium,BEL,2014,311835,5419042,18347256,14327120,1112588,65728,
Belgium,BEL,2016,269190,5041207,19573150,14703988,780913,37301,
Belgium,BEL,2018,362508,4885123,22658152,16849834,788497,35535,
Belgium,BEL,2020,417301,5342390,20727608,14223622,997441,16171,
Benin,BEN,2000,844500,,,,,,
Benin,BEN,2001,861500,,,,,,
Benin,BEN,2002,1135000,,,,,,
Bermuda,BMU,2010,,29910,,,,,
Bermuda,BMU,2011,,27000,,,,,
Bermuda,BMU,2012,,27350,,,,,
Bermuda,BMU,2013,,28210,,,,,
Bermuda,BMU,2014,,28400,,,,,
Bermuda,BMU,2015,,27860,,,,,
Bermuda,BMU,2016,,29900,,,,,
Bermuda,BMU,2017,,31900,,,,,
Bermuda,BMU,2018,,31300,,,,,
Bermuda,BMU,2019,,28800,,,,,
Bhutan,BTN,2017,,41345.28,,,,,
Bhutan,BTN,2019,,29740,,,,,
Bosnia and Herzegovina,BIH,2004,0,0,,,,,
Bosnia and Herzegovina,BIH,2006,0,0,,,,,
Bosnia and Herzegovina,BIH,2008,0,0,,3563000,1059000,87148,
Bosnia and Herzegovina,BIH,2010,0,0,,1325000,1583120,104000,
Bosnia and Herzegovina,BIH,2012,0,0,0,1213475,3170717,72364,
Bosnia and Herzegovina,BIH,2014,0,0,149146,1304841,2666984,85279,
Bosnia and Herzegovina,BIH,2016,0,0,156918,1422448,3061988,216356,
Bosnia and Herzegovina,BIH,2018,0,920541,122919,1893274,3247689,551584,
Bosnia and Herzegovina,BIH,2020,0,902567,85978,1842254,3129365,765270,
Bosnia and Herzegovina,BIH,2000,,837669.44,,,,,
Bosnia and Herzegovina,BIH,2001,,863226.75,,,,,
Bosnia and Herzegovina,BIH,2002,,892008.4,,,,,
Bosnia and Herzegovina,BIH,2003,,915165.3,,,,,
Bosnia and Herzegovina,BIH,2005,,948811.9,,,,,
Bosnia and Herzegovina,BIH,2007,,1057106.9,,,,,
Bosnia and Herzegovina,BIH,2009,,996165,,3077568,1563614,83617,
Bosnia and Herzegovina,BIH,2011,,836145,,,,,
Bosnia and Herzegovina,BIH,2013,,705317,,,,,
Bosnia and Herzegovina,BIH,2015,,715000,,,,,
Botswana,BWA,2001,,396691.6,,4096,,,4258.33
Botswana,BWA,2002,,403424.1,,5173,,,4376.4
Botswana,BWA,2003,,409177.1,,4069,,,4520.42
Botswana,BWA,2004,,413957.4,,5492,,,4641.38
Botswana,BWA,2005,,417771.4,,4590,,,736
Botswana,BWA,2006,,420625,,,,,
Botswana,BWA,2007,,424635.6,,,,,
Botswana,BWA,2008,,429245.4,,,,,
Botswana,BWA,2009,,434441.6,,,,,
Botswana,BWA,2000,,,,5030,,,3215.65
Brazil,BRA,2000,,41984000,13545000,1372000,,,
Brazil,BRA,2004,,26319456,6953766.5,,,,
Brazil,BRA,2005,,22986078,7982290,,,,
Brazil,BRA,2006,,13767522,8471111,,,,
Brazil,BRA,2007,,16417676,9240049,,,,
Brazil,BRA,2008,,20356042,9658064,,,,
Brazil,BRA,2009,,19509108,10959702,,,,
Brazil,BRA,2010,,22603374,11814413,,,,
Brazil,BRA,2011,,22582658,8938062,,,,
Brazil,BRA,2012,,24495622,11555213,,,,
Brazil,BRA,2013,,25874678,10329254,,,,
Brazil,BRA,2014,,26893262,8702623,,,,
Brazil,BRA,2015,,26099886,10106197,,,,
Bulgaria,BGR,2004,722228,2633592,2998621,5610655,7817053,171193250,
Bulgaria,BGR,2006,632966,2928981,1023303,4316435,6669576,145731170,
Bulgaria,BGR,2008,754286,2907121,1828761,3447004,7654555,149112030,
Bulgaria,BGR,2010,618107,3529458,78880,3306468,8032225,150214030,
Bulgaria,BGR,2012,903119,2754523,1032651,3008673,9532587,141082600,
Bulgaria,BGR,2014,835401,2683016,1340467,3274860,9105116,159280380,
Bulgaria,BGR,2016,617689,2840316,2089131,3469171,9522952,98716370,
Bulgaria,BGR,2018,308760,3145709,193186,2542668,12979172,106869150,
Bulgaria,BGR,2020,892764,2312155,1816301,4920657,6090367,94970990,
Burkina Faso,BFA,2000,,424500,,,,,
Burkina Faso,BFA,2001,,452400,,,,,
Burkina Faso,BFA,2002,,482300,,,,,
Burkina Faso,BFA,2003,,514300,,,,,
Burkina Faso,BFA,2004,,548500,,,,,
Burkina Faso,BFA,2005,,585000,,,,,
Burkina Faso,BFA,2006,,624000,,,,,
Burkina Faso,BFA,2007,,665700,,,,,
Burkina Faso,BFA,2008,,710400,,,,,
Burkina Faso,BFA,2009,,758100,,,,,
Burkina Faso,BFA,2014,,,,27000,,,
Burundi,BDI,2001,,13100,,,,,
Burundi,BDI,2002,,22900,,,,,
Burundi,BDI,2003,,18200,,,,,
Burundi,BDI,2004,,18200,,,,,
Burundi,BDI,2005,,13200,,,,,
Burundi,BDI,2006,,13800,,,,,
Burundi,BDI,2007,,10800,,,,,
Burundi,BDI,2008,,15600,,,,,
Burundi,BDI,2009,,13800,,,,,
Burundi,BDI,2010,,7200,,,,,
Burundi,BDI,2011,,39000,,,,,
Burundi,BDI,2012,,8309.3,,,,,
Burundi,BDI,2013,,29607.4,,,,,
Burundi,BDI,2014,,24622.4,,,,,
Burundi,BDI,2015,,59356.8,,,,,
Burundi,BDI,2016,,44736,,,,,
Burundi,BDI,2017,,39098.5,,,,,
Burundi,BDI,2018,,17301,,,,,
Burundi,BDI,2019,,24420,,,,,
Canada,CAN,2000,,11242406,,,,,
Canada,CAN,2002,,11236435,,,,,
Canada,CAN,2004,,12325386,,,,,
Canada,CAN,2006,,13471060,,,,,
Canada,CAN,2008,,13661379,,,,,
Canada,CAN,2010,,13963825,,,,,
Canada,CAN,2012,,14355191,,,,,
Canada,CAN,2014,,14653235,,,,,
Canada,CAN,2016,,15009537,,,,,
Canada,CAN,2018,,15705418,,,,,
Cape Verde,CPV,2003,,101000,100000,,,,3976
Cape Verde,CPV,2011,,141421.7,,,,,
Cape Verde,CPV,2015,,170636,,,,,
Chile,CHL,2000,1128000,,2565660,1484588,281176,510000,4520
Chile,CHL,2001,1150485,,2627717,1506000,187137,525458,4515
Chile,CHL,2002,1308168,,2274337,1516000,205842,507930,4647
Chile,CHL,2003,1418400,,2649353,1595245,202297,543383,4802
Chile,CHL,2004,1515326,,2932809,1746176,280406,599838,4964
Chile,CHL,2005,1393320,,2945474,1797170,263821,589490,5114
Chile,CHL,2006,1367133,,3389464,1823072,360974,594144,5311
Chile,CHL,2007,1469657,,3513492,2042017,448228,617103,5493
Chile,CHL,2008,1434942,,3443807,1789795,466135,590285,5608
Chile,CHL,2009,1562458,,3062395,1816234,477023,630810,5780
Chile,CHL,2011,0,,,,,,6142
Chile,CHL,2014,675371,,357566,2965942,1265919,314394,7416
Chile,CHL,2015,1122465,,255190,3789967,2740545,291471,
Chile,CHL,2016,874585,,304156,4651752,2726602,474383,
Chile,CHL,2017,1436638,,281693,4287290,1888303,359367,
Chile,CHL,2018,1100442,,608432,4321473,2058223,461090,
Chile,CHL,2019,1163906,,860811,4193939,2116003,159332,
Chile,CHL,2020,624482,,571453,4286958,1934655,150877,
Chile,CHL,2021,892986,,783263,4072783,1895055,163571,
Chile,CHL,2010,,,2558066,,,,5936
China,CHN,2000,,,,816080000,,,
China,CHN,2001,,,,888400000,,,
China,CHN,2002,,,,945090000,,,
China,CHN,2003,,,,1004280000,,,
China,CHN,2004,,,,1200300000,,,
China,CHN,2005,,,,1344490000,,,
China,CHN,2006,,,,1515410000,,,
China,CHN,2007,,,,1756320000,,,
China,CHN,2008,,,,1901270000,,,
China,CHN,2009,,,,2039430000,,,
China,CHN,2010,,,,2409440000,,,
China,CHN,2011,,,,3262040000,,,
China,CHN,2012,,,,3325090000,,,
China,CHN,2013,,,,3308590000,,,
China,CHN,2014,,,,3292540000,,,
China,CHN,2015,,,,3310550000,,,
China,CHN,2016,,,,3712370000,,,
China,CHN,2017,,,,3867070000,,,
China,CHN,2018,,,,4077990000,,,
China,CHN,2019,,,,4408100000,,,
China,CHN,2020,,,,3675460000,,,
Colombia,COL,2011,0,,,,,,
Colombia,COL,2012,1900,8863484,,10951883,,,
Colombia,COL,2013,,8362534,,10740146,,,
Colombia,COL,2014,,9021157,,11999233,,,
Colombia,COL,2015,,9574086,,11703591,,,
Colombia,COL,2016,,10419015,,11514414,,,
Costa Rica,CRI,2011,0,,,,,,1659
Costa Rica,CRI,2012,5866000,,,,,,1698
Costa Rica,CRI,2015,6403000,,,,,,1877
Costa Rica,CRI,2016,,1147000,,,,,1218
Costa Rica,CRI,2017,,898000,,,,,1267
Costa Rica,CRI,2018,,1063000,,,,,
Costa Rica,CRI,2019,,1071000,,,,,
Costa Rica,CRI,2020,,1181620,,,,,
Costa Rica,CRI,2021,,1327200,,,,,
Costa Rica,CRI,2010,,,,,,,1506
Costa Rica,CRI,2013,,,,,,,1752
Costa Rica,CRI,2014,,,,,,,1788
Croatia,HRV,2000,390000,,142000,1600000,54000,167000,1026150
Croatia,HRV,2001,826788,,48379,1298710,61586,77278,948819
Croatia,HRV,2002,292030,,123098,1869000,52950,205148,194752
Croatia,HRV,2003,297000,,132000,1690000,64000,129000,1770000
Croatia,HRV,2004,121133,0,646282,3695174,616134,347370,2083000
Croatia,HRV,2006,72167,183162,18820,2432653,532377,344503,2151000
Croatia,HRV,2008,18679,0,129223,1726759,136461,34225,2127000
Croatia,HRV,2010,14223,0,7656,634415,107741,28855,
Croatia,HRV,2011,12951,1263060,681215,493207,121298,6810,764886
Croatia,HRV,2012,75096,1190553,674662,422654,107649,5034,893000
Croatia,HRV,2014,269111,1162112,618158,484906,119581,5315,
Croatia,HRV,2016,496153,1144199,1380861,444841,123839,635771,
Croatia,HRV,2018,550471,1293535,1259569,491150,73227,667884,
Croatia,HRV,2020,565300,1212068,1431694,449675,68400,693517,
Cuba,CUB,2005,,4001200,,,,,
Cuba,CUB,2006,,3854100,,,,,
Cuba,CUB,2007,,4069900,,,,,
Cuba,CUB,2008,,4918500,,,,,
Cuba,CUB,2009,,4279800,,,,,
Cuba,CUB,2010,,3980900,,,,,
Cuba,CUB,2011,,3898400,,,,,
Cuba,CUB,2012,,4636200,,,,,
Cuba,CUB,2013,,4420200,,,,,
Cuba,CUB,2014,,4601600,,,,,
Cuba,CUB,2015,,4603300,,,,,
Cuba,CUB,2016,,4674200,,,,,
Cuba,CUB,2017,,4762000,,,,,
Cuba,CUB,2018,,4968400,,,,,
Cuba,CUB,2019,,4985500,,,,,
Cuba,CUB,2020,,4445200,,,,,
Cuba,CUB,2021,,4218100,,,,,
Cyprus,CYP,2004,378416,367353,488499,556908,2414,119472,
Cyprus,CYP,2006,131541,356520,298346,174399,2881,27882,
Cyprus,CYP,2008,126651,432858,431231,137925,2110,504686,
Cyprus,CYP,2010,129184,461227,1068282,131587,2913,381794,
Cyprus,CYP,2012,18203,369586,965177,98033,2177,217888,
Cyprus,CYP,2014,19856,323859,634801,613080,1932,155399,
Cyprus,CYP,2016,19453,394911,876525,811535,2112,131244,
Cyprus,CYP,2018,19783,386668,1053325,374338,1888,152187,
Cyprus,CYP,2020,21156,378382,1114411,210882,2010,153340,
Czechia,CZE,2004,1244149,2841428,8130735,8618191,5155432,707898,
Czechia,CZE,2006,315585,3482017,8379849,5932365,2510732,471508,
Czechia,CZE,2008,254546,3176176,10650635,5292547,1919860,166949,
Czechia,CZE,2010,113683,3334240,9353673,4202465,1540399,114572,
Czechia,CZE,2012,196063,3232642,8592900,4376398,1062881,167422,
Czechia,CZE,2014,135313,3260580,9409944,4394322,1012205,233797,
Czechia,CZE,2016,114575,3579613,10141985,4670643,889250,143877,
Czechia,CZE,2018,411533,5804841,15800434,5511743,550973,91283,
Czechia,CZE,2020,398041,6108373,16496214,4664816,414331,129841,
Denmark,DNK,2004,24038,2016209,4273801,1552640,1336930,2067,
Denmark,DNK,2006,27550,2069635,5802368,1642642,1461810,2061,
Denmark,DNK,2008,40731,2514155,5674326,1454489,1358230,2430,
Denmark,DNK,2010,189101,3550267,3142215,1552155,945936,21653,
Denmark,DNK,2012,75225,3332998,7454350,1376849,935438,13242,
Denmark,DNK,2014,117682,3580549,11263066,1083548,1110652,12067,
Denmark,DNK,2016,201648,3480305,12224799,1016093,828109,15648,
Denmark,DNK,2018,373978,3517972,11999177,1011712,1093508,8949,
Denmark,DNK,2020,389498,3617933,11033792,1095605,788702,19529,
Dominica,DMA,2000,,13500,,,,,
Dominica,DMA,2001,,13500,,,,,
Dominica,DMA,2002,,13500,,,,,
Dominica,DMA,2003,,13500,,,,,
Dominica,DMA,2004,,13500,,,,,
Dominica,DMA,2005,,13500,,,,,
Dominica,DMA,2006,,15700,,,,,
Dominica,DMA,2007,,15700,,,,,
Dominica,DMA,2008,,15700,,,,,
Dominica,DMA,2009,,18700,,,,,
Dominica,DMA,2010,,18700,,,,,
Dominica,DMA,2011,,18700,,,,,
Dominica,DMA,2012,,19500,,,,,
Dominica,DMA,2013,,19500,,,,,
Dominica,DMA,2014,,20000,,,,,
Dominica,DMA,2015,,20000,,,,,
Dominica,DMA,2016,,20000,,,,,
Dominica,DMA,2017,,20000,,,,,
Dominica,DMA,2018,,20500,,,,,
Dominica,DMA,2019,,21000,,,,,
Dominica,DMA,2020,,21000,,,,,
Dominica,DMA,2021,,21000,,,,,
Ecuador,ECU,2014,,3970234.5,,,,,
Ecuador,ECU,2015,,4039033.5,,,,,
Ecuador,ECU,2016,,4157716.8,,,,,
Ecuador,ECU,2017,,4819850.5,,,,,
Ecuador,ECU,2018,,4880950.5,,,,,
Ecuador,ECU,2019,,4859480,,,,,
Ecuador,ECU,2020,,4945834.5,,,,,
Ecuador,ECU,2000,,,,14293000,,,
Ecuador,ECU,2001,,,,21024000,,,
Ecuador,ECU,2002,,,,23114000,,,
Ecuador,ECU,2003,,,,23757000,,,
Ecuador,ECU,2004,,,,23727000,,,
Ecuador,ECU,2005,,,,26350000,,,
Ecuador,ECU,2006,,,,25950000,,,
Ecuador,ECU,2007,,,,26600000,,,
Ecuador,ECU,2008,,,,25010000,,,
Egypt,EGY,2000,23000000,15000000,,5000000,,,
Egypt,EGY,2001,23000000,,3500000,,,,
Egypt,EGY,2007,26583600,,11091050,9999600,,,14275630
Egypt,EGY,2008,20519800,,,,,,
Egypt,EGY,2009,20595800,,,,,,
Egypt,EGY,2010,21156700,,,,,,
Egypt,EGY,2011,21456900,,,,,,
Egypt,EGY,2012,13407500,,,,,,
Egypt,EGY,2013,21837900,,,,,,
Egypt,EGY,2014,22758000,,,,,,
Egypt,EGY,2015,22722900,,,,,,
El Salvador,SLV,2011,,1019974.7,,,,,
El Salvador,SLV,2012,,1178143.4,,,,,
El Salvador,SLV,2013,,1081067,,,,,
El Salvador,SLV,2014,,1111188,,,,,
El Salvador,SLV,2015,,1137245,,,,,
El Salvador,SLV,2016,,1059390,,,,,
El Salvador,SLV,2017,,1141130,,,,,
El Salvador,SLV,2018,,1169910,,,,,
El Salvador,SLV,2019,,1238990,,,,,
Estonia,EST,2004,183860,401989,488537,6288386,6148365,5305587,
Estonia,EST,2006,118829,411633,717105,3981123,5708161,5960972,
Estonia,EST,2008,240005,439973,1099100,3771574,5423863,7197790,
Estonia,EST,2010,109873,430499,436289,3715887,6534457,6452793,
Estonia,EST,2012,77404,436420,657089,4120946,6257828,9354964,
Estonia,EST,2014,121677,482244,671347,4406853,7109650,7904520,
Estonia,EST,2016,113946,429882,1173517,8876284,6083146,6301082,
Estonia,EST,2018,138195,548242,2192957,4368834,7489884,6829196,
Estonia,EST,2020,195258,550331,1587266,3974692,5665867,2454865,
Fiji,FJI,2006,,150626.5,,,,,
Fiji,FJI,2007,,153595.2,,,,,
Fiji,FJI,2008,,163259.8,,,,,
Fiji,FJI,2009,,162363.5,,,,,
Fiji,FJI,2010,,161512.2,,,,,
Fiji,FJI,2011,,161857.5,,,,,
Fiji,FJI,2012,,164739.7,,,,,
Fiji,FJI,2013,,162051.6,,,,,
Fiji,FJI,2014,,166372.8,,,,,
Fiji,FJI,2015,,171227.8,,,,,
Fiji,FJI,2016,,176977,,,,,
Fiji,FJI,2017,,178903.8,,,,,
Fiji,FJI,2018,,186614,,,,,
Fiji,FJI,2019,,191811,,,,,
Fiji,FJI,2020,,183304,,,,,
Fiji,FJI,2021,,182053,,,,,
Finland,FIN,2004,1537025,1164497,20842636,18612952,1572994,23819060,
Finland,FIN,2006,2038408,1191220,23145712,17976516,1635908,21500896,
Finland,FIN,2008,2738973,1674400,24455232,16948362,1531317,31796384,
Finland,FIN,2010,2772031,1680763,24645392,15211273,1444619,54851000,
Finland,FIN,2012,3157813,1733525,16033874,14531463,1010767,52880000,
Finland,FIN,2014,4471,1602959,16296811,10292934,1464124,62775116,
Finland,FIN,2016,0,1791659,13825168,9350226,1097723,93661384,
Finland,FIN,2018,0,2037761,15715231,8572125,1309192,96068040,
Finland,FIN,2020,0,2475453,13688823,9504991,957297,87194260,
France,FRA,2004,1221940,25688700,210041310,21433660,840690,165780,
France,FRA,2006,1221940,26832200,225310880,22972976,1033680,1040400,
France,FRA,2008,1312890,29310520,252979840,21640260,1004080,1195220,
France,FRA,2010,1371625,29306586,260699140,21587442,992630,1053025,
France,FRA,2012,1290136,29705156,246702430,21404504,2100102,2477408,
France,FRA,2014,1274216,28374300,227607180,21796888,1587553,2345765,
France,FRA,2016,1303642,29055944,224355220,21747172,1469837,1408895,
France,FRA,2018,1309912,29784968,240207090,22465232,1503102,1433226,
France,FRA,2020,1291230,33543536,212733090,18507312,832008,263712,
French Guiana,GUF,2001,,57000,,,,,
French Guiana,GUF,2003,,64000,,,,,
French Guiana,GUF,2014,,,,0,0,0,0
French Guiana,GUF,2015,,,,0,0,0,0
French Guiana,GUF,2016,,,,0,8000,0,5000
French Guiana,GUF,2017,,,,0,0,0,6000
French Guiana,GUF,2018,,,,0,0,0,0
French Guiana,GUF,2019,,,,2000,0,0,0
French Guiana,GUF,2020,,,,0,0,0,0
Georgia,GEO,2014,,742700,,,,,
Georgia,GEO,2015,,774700,,,,,
Georgia,GEO,2016,,870300,,,,,
Georgia,GEO,2017,,922100,,,,,
Georgia,GEO,2018,,977400,,,,,
Georgia,GEO,2019,,994600,,,,,
Georgia,GEO,2020,,973300,,,,,
Germany,DEU,2004,1226989,38007850,191562720,30162764,9134082,55879700,
Germany,DEU,2006,1515272,34626020,196536160,31705196,8468297,47222200,
Germany,DEU,2008,1350758,35754996,197206500,52304324,11706681,28287600,
Germany,DEU,2010,256272,36311612,190990220,48981040,9087238,24493072,
Germany,DEU,2012,648869,36471810,197527870,56595630,8049687,8625187,
Germany,DEU,2014,438829,36887630,206466180,61083250,9975200,7431893,
Germany,DEU,2016,1126134,37409896,220499420,55911876,10178630,7265142,
Germany,DEU,2018,982106,37308892,225260600,56536896,9449661,8851574,
Germany,DEU,2020,1004332,38474000,226035630,55104400,7855850,5247193,
Ghana,GHA,2000,6784241,1325358.5,,,,,331339.62
Ghana,GHA,2001,7032570,1383828.9,,,,,345957.22
Ghana,GHA,2002,8249630,1444490.5,,,,,361122.62
Ghana,GHA,2003,8244813.5,1483491.8,,,,,370872.94
Ghana,GHA,2004,6772571,1548119.4,,,,,387029.84
Ghana,GHA,2005,8060916,1817049.8,,,,,454262.44
Ghana,GHA,2006,8224598.5,1895268.1,,,,,473817.03
Ghana,GHA,2007,10833099,2066221.2,,,,,516555.3
Ghana,GHA,2008,10954257,2245024.5,,,,,561256.1
Ghana,GHA,2009,13625672,2400392.2,,,,,600098.06
Ghana,GHA,2010,12422402,2650458.5,,,,,662614.6
Ghana,GHA,2011,14157824,2716720,,,,,679180
Ghana,GHA,2012,14953128,2784638,,,,,696159.5
Ghana,GHA,2013,15107609,2854254,,,,,713563.5
Ghana,GHA,2014,15516543,2925610.2,,,,,731402.56
Ghana,GHA,2015,15834551,3132028.2,,,,,783007.06
Ghana,GHA,2016,,3210329,,,,,802582.25
Ghana,GHA,2017,,3290587.2,,,,,822646.8
Greece,GRC,2004,4711294,4212962,3324000,4554175,12988820,1902330,
Greece,GRC,2006,4711294,4132645,6829161,5284710,12985844,14887758,
Greece,GRC,2008,0,3954486,6828051,5702706,11180698,38151604,
Greece,GRC,2010,5073,5197519,2086080,4940825,11028582,44793196,
Greece,GRC,2012,9979,0,812519,4183313,12258683,47831628,
Greece,GRC,2014,10976,0,479999,4894471,10887688,47356920,
Greece,GRC,2016,255169,4788941,610636,4649811,2560158,56717060,
Greece,GRC,2018,466119,4607377,2286467,5066518,3459811,25705112,
Greece,GRC,2020,644283,4519526,5417214,3147126,1494508,8995869,
Grenada,GRD,2015,1200,2900,6000,700,,,600
Grenada,GRD,2016,1300,23500,6800,800,,,700
Grenada,GRD,2017,1400,25300,7300,800,,,700
Grenada,GRD,2018,1500,27200,7800,900,,,800
Grenada,GRD,2019,1200,21100,6100,600,,,600
Grenada,GRD,2020,1000,18700,5400,600,,,500
Grenada,GRD,2021,1000,17200,5100,600,,,500
Grenada,GRD,2006,,19000,0,2600,,,11900
Grenada,GRD,2007,,19200,0,9000,,,7600
Grenada,GRD,2008,,19800,0,8700,,,6900
Grenada,GRD,2009,,19400,0,4800,,,6400
Grenada,GRD,2010,,18700,0,500,,,5800
Grenada,GRD,2011,,19100,0,700,,,5900
Grenada,GRD,2012,,18878.3,4469.4,701.5,,,6708.9
Grenada,GRD,2013,,18500,5300,600,,,6800
Grenada,GRD,2014,,19300,5200,600,,,8200
Guadeloupe,GLP,2014,,,,7000,26000,0,0
Guadeloupe,GLP,2015,,,,197000,27000,0,21000
Guadeloupe,GLP,2016,,,,166000,29000,0,27000
Guadeloupe,GLP,2017,,,,220000,31000,0,72000
Guadeloupe,GLP,2018,,,,197000,31000,0,0
Guadeloupe,GLP,2019,,,,31000,30000,0,0
Guadeloupe,GLP,2020,,,,28000,27000,0,3000
Guatemala,GTM,2001,18248776,1321016.4,,62233184,5263000,20938.3,40709.52
Guatemala,GTM,2002,18732080,1350053,,71742840,4153000,24877.05,40123.93
Guatemala,GTM,2003,19488610,1383066.6,,65054604,2831000,27247.17,39296.71
Guatemala,GTM,2004,19672982,1416754.1,,89214620,6196000,26434.4,38673.76
Guatemala,GTM,2005,20309298,1444908.6,,79187990,5874000,20695.73,38361.38
Guatemala,GTM,2006,19842348,1485972.6,,92446900,5436000,19466.03,37860.17
Guatemala,GTM,2007,77392000,,,,,,
Guatemala,GTM,2008,75970000,1879000,,,,,
Guatemala,GTM,2009,74497000,1924000,,,,,
Guatemala,GTM,2010,75601000,1970000,,,,,
Guatemala,GTM,2011,,2017000,,,,,
Guatemala,GTM,2012,,2065000,,,,,
Guinea,GIN,2008,677,,,2406,7,,
Guinea,GIN,2009,711,,,21644,13,,
Guyana,GUY,2001,,,,,,,29851
Guyana,GUY,2002,,,,,,,31300
Guyana,GUY,2003,,,,,,,29740
Guyana,GUY,2004,,,,,,,28199
Guyana,GUY,2005,,,,,,,32038
Guyana,GUY,2006,,,,,,,25320
Guyana,GUY,2007,,,,,,,27964
Hong Kong,HKG,2000,,2760000,13793000,,,,2815000
Hong Kong,HKG,2001,,2756000,14176000,,,,2981000
Hong Kong,HKG,2002,,2744000,16566000,,,,3213000
Hong Kong,HKG,2003,,2702000,12734000,,,,3701000
Hong Kong,HKG,2004,,2567000,11480000,,,,3730000
Hong Kong,HKG,2005,,2492000,14159000,,,,4162000
Hong Kong,HKG,2006,,2422000,10910000,,,,4403000
Hong Kong,HKG,2007,,2326000,8385000,,,,4406000
Hong Kong,HKG,2008,,2226000,9035000,,,,4728000
Hong Kong,HKG,2009,,2195000,15435000,,,,4711000
Hong Kong,HKG,2010,,2239000,14309000,,,,5099000
Hong Kong,HKG,2011,,2180000,18780000,,,,4536000
Hong Kong,HKG,2012,,2301000,24569000,,,,3670000
Hong Kong,HKG,2013,,2321000,24079000,,,,3600000
Hong Kong,HKG,2014,,2342000,21005000,,,,3695000
Hong Kong,HKG,2015,,2360000,24300000,,,,3653000
Hong Kong,HKG,2016,,2339000,24448000,,,,3566000
Hong Kong,HKG,2017,,2337000,19399000,,,,3621000
Hong Kong,HKG,2018,,2450000,18109000,,,,3713000
Hong Kong,HKG,2019,,2392000,17618000,,,,3514000
Hungary,HUN,2004,3999629,4442050,1735609,5071285,3331869,1640251,
Hungary,HUN,2006,1997533,2978311,3045335,5528243,3981109,26504,
Hungary,HUN,2008,336865,3466071,3240063,3788947,3050228,272490,
Hungary,HUN,2010,487655,2864896,4072214,3134037,2718233,86587,
Hungary,HUN,2012,460047,2680573,4038081,2990939,2871522,91218,
Hungary,HUN,2014,520961,2951303,3439941,2699460,2311832,82576,
Hungary,HUN,2016,484320,2886891,3591723,2688266,2579182,147534,
Hungary,HUN,2018,449607,2742656,6103907,2624164,2058123,175189,
Hungary,HUN,2020,295281,4741753,4358941,2612232,1952971,129515,
Iceland,ISL,2004,78559,141487,18500,61012,0,1100,
Iceland,ISL,2006,0,0,,,,,
Iceland,ISL,2008,0,0,,,,,
Iceland,ISL,2010,72071,232256,12289,88199,1625,65,
Iceland,ISL,2012,82097,232921,10820,93097,1675,55,
Iceland,ISL,2014,28885,299413,32832,200664,149,0,
Iceland,ISL,2016,38357,430925,43112,262468,403,0,
Iceland,ISL,2018,47418,519927,51034,315085,247,0,
Iceland,ISL,2020,39084,415705,38032,256800,276,0,
India,IND,2017,,,,7172762000,,,
India,IND,2018,,,,9441872000,,,
India,IND,2019,,,,8639229000,,,
Iran,IRN,2000,,,,7917158,,,
Iran,IRN,2001,,,,26479214,,,
Iran,IRN,2003,,,,5172413,,,
Iran,IRN,2004,,,,291164500,,,
Iraq,IRQ,2010,,7476000,6963000,,,,3112000
Iraq,IRQ,2011,,8155000,4994000,,,,87000
Iraq,IRQ,2012,,8445000,4582000,,,,86000
Iraq,IRQ,2013,,8305000,4409000,,,,64000
Iraq,IRQ,2014,,8215000,3659000,,,,427000
Iraq,IRQ,2015,,11631000,2518000,,,,200000
Iraq,IRQ,2016,,9516000,4754000,,,,276000
Iraq,IRQ,2017,,8987000,10363000,,,,1023000
Iraq,IRQ,2018,,9625000,8223000,,,,266000
Iraq,IRQ,2019,,10594000,5859000,,,,873000
Iraq,IRQ,2020,,11832000,7255000,,,,624000
Ireland,IRL,2004,8706,1702345,11286882,5356309,286494,4049344,
Ireland,IRL,2006,0,1978711,16599466,4067355,346767,4765557,
Ireland,IRL,2008,19376,1677338,13547588,4025624,291726,2061293,
Ireland,IRL,2010,101143,1730028,1609762,3259089,333651,2195671,
Ireland,IRL,2012,96251,1656670,1132275,3988608,374849,2084654,
Ireland,IRL,2014,96251,1524356,1884390,3468052,321019,2706594,
Ireland,IRL,2016,105033,1513544,1521590,5285250,316937,2398489,
Ireland,IRL,2018,296865,1591220,1903058,3447974,149768,1981596,
Ireland,IRL,2020,275414,1941741,5278255,3621070,158094,1517599,
Israel,ISR,2011,0,,3932000,,1204000,,
Israel,ISR,2000,,3967580,,,1195000,,99110
Israel,ISR,2001,,3590481,,,1320000,,100000
Israel,ISR,2002,,3855364.2,,,1182000,,99694
Israel,ISR,2003,,3846938.8,,,1369000,,102200
Israel,ISR,2004,,3978303.2,,,1332000,,110865
Israel,ISR,2005,,4085928,3300000,,1170000,,99702
Israel,ISR,2006,,4226500.5,3200000,,1161000,,98022
Israel,ISR,2007,,4304024.5,3300000,,1205000,,105966
Israel,ISR,2008,,4399715.5,3300000,,1208000,,109334
Israel,ISR,2009,,4556308.5,3500000,,1250000,,
Israel,ISR,2015,,,6352200,,1136000,,
Israel,ISR,2016,,,6359200,,848000,,
Israel,ISR,2017,,,6210300,2522100,804000,424000,
Israel,ISR,2018,,,5904800,,719000,,
Israel,ISR,2019,,,5692700,,741100,,
Israel,ISR,2020,,,5590300,2449300,633800,36269,
Israel,ISR,2021,,,6850000,,583700,,
Israel,ISR,2010,,,,1319700,1184000,926700,
Israel,ISR,2012,,,,1437900,1445000,725600,
Israel,ISR,2014,,,,1478300,1078000,724700,
Israel,ISR,2013,,,,,1323000,,
Italy,ITA,2004,615288,31149584,49150772,39471516,2466542,761406,
Italy,ITA,2006,558481,32522650,52315620,39997384,3005458,1005261,
Italy,ITA,2008,349096,32471572,69731944,43085764,3089900,1262823,
Italy,ITA,2010,310912,32478920,59340136,35927620,2660218,705765,
Italy,ITA,2012,407979,29993530,52965744,26881600,3616226,685665,
Italy,ITA,2014,323518,29651720,51670600,26519662,3195283,981739,
Italy,ITA,2016,320928,30116606,54576760,27819564,2687738,758732,
Italy,ITA,2018,332554,30158280,60829200,28408150,2278285,1349011,
Italy,ITA,2020,348501,28945092,66084350,26531088,1628119,1343964,
Jamaica,JAM,2000,,947000,,,,,
Jamaica,JAM,2001,,718000,,,,,
Jamaica,JAM,2002,,697000,,,,,
Jamaica,JAM,2003,,703000,,,,,7619
Jamaica,JAM,2004,,709000,,,,,
Jamaica,JAM,2006,,1120000,,,,,
Jamaica,JAM,2007,,1125000,,,,,
Jamaica,JAM,2008,,1130000,,,,,
Jamaica,JAM,2010,,785290,,,,,
Jamaica,JAM,2011,,698026,,,,,
Jamaica,JAM,2012,,730435,,,,,
Jamaica,JAM,2013,,733602,,,,,
Jamaica,JAM,2014,,672047,,,,,
Jamaica,JAM,2015,,777876,,,,,
Jamaica,JAM,2016,,797121,,,,,
Jamaica,JAM,2017,,872044,,,,,
Japan,JPN,2000,90828000,36844000,79011000,123730000,7451000,16751000,36844
Japan,JPN,2001,90459000,,76151000,122883000,6970000,13772000,37381
Japan,JPN,2002,90161000,,73510000,122551000,7237000,12409000,37118
Japan,JPN,2003,90602000,,75006000,135090000,10054000,13945000,37321
Japan,JPN,2004,89300290,,79055464,137422430,9717000,13393021,36838
Japan,JPN,2005,87583600,36471000,76466000,141627900,8986000,14038900,36471
Japan,JPN,2006,87944730,36220000,77534056,137338110,10359000,13947189,36220
Japan,JPN,2007,87837100,35724000,77253400,141612900,8949000,12509200,35724
Japan,JPN,2008,87991740,34104000,76465000,124899000,10572700,12865634,34104
Japan,JPN,2009,88445976,32974000,73640000,113205000,11150600,13865161,32974
Japan,JPN,2010,85108660,32385000,73211000,115813000,10824900,11577487,32385
Japan,JPN,2011,84740,32385000,75395000,108310000,9754000,10466000,32385
Japan,JPN,2012,85721000,32137000,74124000,109025000,9492000,9481000,32137
Japan,JPN,2013,82963000,31757000,80346000,109470000,11093000,8785000,31757
Japan,JPN,2014,81908000,31242000,81614000,112404000,12310000,9086000,31242
Japan,JPN,2015,80955000,30935000,81845000,109487000,11765000,9766000,30935
Japan,JPN,2016,80907000,30182000,80755000,108989000,12121000,8470000,37651
Japan,JPN,2017,78322000,29880000,78706000,109449000,12139000,8938000,36006
Japan,JPN,2018,80964000,29684000,75481000,107878000,10845000,8847000,
Japan,JPN,2019,81269000,29714000,79712000,109733000,10797000,7529000,
Japan,JPN,2020,,30016000,,,,,
Jordan,JOR,2014,37000,2785133,,113900,,,18000
Jordan,JOR,2015,56700,3365260,,,,,
Jordan,JOR,2016,30000,,,,,,
Jordan,JOR,2017,37460,3408900,,529500,,,
Jordan,JOR,2018,33190,3466010,,,,,
Jordan,JOR,2019,53050,3437000,,517000,,,
Jordan,JOR,2020,45300,3561600,,574000,,,
Jordan,JOR,2000,,1387000,,,,,
Jordan,JOR,2002,,2226500,692230,69590,1640,1304200,
Jordan,JOR,2005,,2358860,,,,,
Jordan,JOR,2006,,2309570,,,,,
Jordan,JOR,2007,,2207298,,,,,
Jordan,JOR,2008,,2111251,,,,,
Jordan,JOR,2009,,1921857.1,,,,,
Jordan,JOR,2010,,2069111.1,,,,,11652
Jordan,JOR,2011,,2024833,,,,,8929.8
Jordan,JOR,2012,,2242966,,,,,
Jordan,JOR,2013,,2566315,,,,,
Jordan,JOR,2001,,,241690,50180,1420,1569800,
Jordan,JOR,2003,,,308600,,,,
Jordan,JOR,2004,,,1478400,,,,
Kazakhstan,KAZ,2004,122500,0,186800,177441700,28907000,492980800,1678800
Kazakhstan,KAZ,2005,294100,0,448600,426152800,69424296,1183966700,4032000
Kazakhstan,KAZ,2006,46000,0,70300,66787796,10880400,185554700,631900
Kazakhstan,KAZ,2007,45600,0,69600,66083704,10765700,183598200,625200
Kazakhstan,KAZ,2008,68700,0,22400,70814600,13431900,368301500,733900
Kazakhstan,KAZ,2009,70200,0,177300,64399300,11254500,151003000,650700
Kazakhstan,KAZ,2010,85700,0,202500,110028000,19554500,166205000,7041300
Kazakhstan,KAZ,2011,143900,0,165100,115000000,25670000,275814820,3874500
Kazakhstan,KAZ,2012,1136400,2429900,138800,46000000,21713000,283685920,3278300
Kazakhstan,KAZ,2013,1146800,2495500,267600,49403000,28833000,298918000,3645900
Kazakhstan,KAZ,2014,1049500,2421000,247400,44918200,18844300,268367090,3988300
Kazakhstan,KAZ,2015,1410800,2318000,225600,42929500,17942800,185300000,3756900
Kazakhstan,KAZ,2016,1774300,1988546,273100,38220200,17233700,250917800,10538700
Kazakhstan,KAZ,2017,2077400,2073410.9,410200,22774900,19305500,353775900,4606100
Kazakhstan,KAZ,2018,2130000,2091006.1,478400,28154600,20811400,384375500,7376300
Kazakhstan,KAZ,2019,2450300,2060542,477100,31583100,20527300,449887200,8972600
Kazakhstan,KAZ,2020,2168700,2009300,358800,33262500,19806800,392534400,25790500
Kazakhstan,KAZ,2021,3132900,2091700,498400,129091000,21143600,495400100,126407300
Kenya,KEN,2017,,,9891700,712860600,405,8253,
Kuwait,KWT,2000,211000,853000,3140000,,,,
Kuwait,KWT,2001,231000,1006000,4035000,,,,
Kuwait,KWT,2002,227000,1060000,4789000,,,,
Kuwait,KWT,2003,320000,976000,3774000,,,,
Kuwait,KWT,2004,268000,840000,4309000,,,,
Kuwait,KWT,2005,261000,852000,4835000,,,,
Kuwait,KWT,2006,301000,987000,8914000,,,,
Kuwait,KWT,2007,556000,1001000,7390000,,,,
Kuwait,KWT,2008,259409,1310036,6895306,,,,605287
Kuwait,KWT,2009,171128,1153230,6658413,,,,399300
Kuwait,KWT,2010,174435,1408432.5,7243231,,,,359756
Kuwait,KWT,2011,142752,1357395,9414857,,,,333740
Kuwait,KWT,2012,132267,1425023,9463941,,,,371356
Kuwait,KWT,2013,181461,1487265,9878681,,,,349576
Kuwait,KWT,2014,265725,1490235,12078852,,,,341812
Kuwait,KWT,2015,368934,1527877.5,10378027,,,,364620
Kuwait,KWT,2016,403431,1567965,11810325,,,,353808
Kuwait,KWT,2017,437832,1696923,15851493,,,,411896
Kuwait,KWT,2018,453667,1786079,12679097,,,,485712
Kuwait,KWT,2019,337293,1857840,15743415,,,,730340
Kuwait,KWT,2020,572000,1760000,13715000,,,,879000
Kuwait,KWT,2021,467000,1983000,11180000,,,,1013000
Kyrgyzstan,KGZ,2010,17910.95,22373.48,3600.28,156143.08,,5606760.5,3.05
Kyrgyzstan,KGZ,2011,5878.21,22071.45,4126.98,,,5826714.5,2.93
Kyrgyzstan,KGZ,2012,13277.18,28816.93,6552.23,121595.29,,4759971.5,2.86
Kyrgyzstan,KGZ,2013,9364.1,45586.64,8500.25,99297.01,,7804556.5,1670
Kyrgyzstan,KGZ,2014,0,,2575.18,48135.58,125726.2,10042714,3857.63
Kyrgyzstan,KGZ,2015,0,,1823.38,46656.03,140793.12,10303206,6462.08
Kyrgyzstan,KGZ,2016,2.08,,1365.31,45401.33,122406.84,12202129,4645.75
Kyrgyzstan,KGZ,2017,2.15,,1818.22,39455.12,129247.95,12472656,5047.33
Latvia,LVA,2004,208465,543490,8243,349319,18847,80,
Latvia,LVA,2006,96126,853889,19339,569624,26221,0,
Latvia,LVA,2008,74660,606077,12040,501287,20161,2585,
Latvia,LVA,2010,68024,694013,21551,374867,24665,786,
Latvia,LVA,2012,2767,1213193,7509,395958,132507,1968,
Latvia,LVA,2014,36209,709118,454281,244721,727167,5288,
Latvia,LVA,2016,144075,870177,111136,491950,27338,1001,
Latvia,LVA,2018,132746,577587,310772,384041,43887,1192,
Latvia,LVA,2020,133282,644390,276703,485488,116213,1165,
Lesotho,LSO,2006,,26556300,,16378200,,,727863000
Lesotho,LSO,2012,,,,,,9312200,
Liechtenstein,LIE,2004,0,0,,,,,
Liechtenstein,LIE,2006,0,0,,,,,
Liechtenstein,LIE,2008,615,0,247,32728,256,11427,
Liechtenstein,LIE,2010,306,0,31,32123,375,11749,
Liechtenstein,LIE,2012,0,316274,106623,12459,422,28623,
Liechtenstein,LIE,2014,0,26988,516704,12306,296,9203,
Liechtenstein,LIE,2016,22,27167,441557,11544,0,14956,
Liechtenstein,LIE,2018,0,29402,387787,6423,0,7101,
Liechtenstein,LIE,2020,3,32668,501850,6098,0,0,
Lithuania,LTU,2004,874218,601749,357380,2632070,52324,3595,
Lithuania,LTU,2006,874219,1298932,348968,2741360,34022,5514,
Lithuania,LTU,2008,786069,1362620,412045,2757738,50645,3367,
Lithuania,LTU,2010,455856,1261400,356772,2647996,36314,6838,
Lithuania,LTU,2012,481708,1176825,419136,2551321,29033,25911,
Lithuania,LTU,2014,421071,1161764,434737,2608734,100987,24978,
Lithuania,LTU,2016,280625,1119279,505757,2742190,132566,42267,
Lithuania,LTU,2018,293676,1416112,620285,2637354,147410,115273,
Lithuania,LTU,2020,301722,1397018,558430,2186749,155388,68261,
Luxembourg,LUX,2004,11324,221014,6979984,722764,867,45947,
Luxembourg,LUX,2006,11324,191580,6774547,604216,1403,56487,
Luxembourg,LUX,2008,2486,276272,8282055,672899,1393,9738,
Luxembourg,LUX,2010,2547,250061,8866757,867410,2057,18358,
Luxembourg,LUX,2012,1381,249010,7079473,509431,2335,131314,
Luxembourg,LUX,2014,3094,242849,5979235,285694,3149,129724,
Luxembourg,LUX,2016,30890,182564,8035668,756497,6070,37904,
Luxembourg,LUX,2018,8330,190568,7320296,621237,7530,4359,
Luxembourg,LUX,2020,11445,202250,7570240,600895,31328,101243,
Macao,MAC,2000,,138290,296860,41310,,,50650
Macao,MAC,2001,,138110,217250,41250,,,54240
Macao,MAC,2002,,146640,244930,46310,,,51170
Macao,MAC,2003,,154070,349090,46020,,,49540
Macao,MAC,2004,,154530,583380,51510,,,50880
Macao,MAC,2005,,162130,1294860,55460,,,62190
Macao,MAC,2006,,167360,1971000,55920,,,63850
Macao,MAC,2007,,174050,3118250,68790,,,46070
Macao,MAC,2008,,179020,1939390,75260,,,47000
Macao,MAC,2009,,159290,1566740,87670,,,98490
Macao,MAC,2010,,164320,1954000,89440,,,70480
Macao,MAC,2011,,165140,1618000,97790,,,69330
Macao,MAC,2012,,182290,2420000,107300,,,79780
Macao,MAC,2013,,207380,3925000,107050,,,86720
Macao,MAC,2014,,218500,4376000,122910.01,,,123680
Macao,MAC,2015,,228530,4835000,124540,,,163910
Macao,MAC,2016,,,3165000,,,,
Macao,MAC,2017,,,2933000,,,,
Madagascar,MDG,2007,,2849555,,45957,,,
Malaysia,MYS,2000,,6377239,,,,,
Malaysia,MYS,2001,,6726505,,,,,
Malaysia,MYS,2002,,7094900,,,,,
Malaysia,MYS,2003,,7483470.5,,,,,
Malaysia,MYS,2004,,7893323,,,,,
Malaysia,MYS,2005,,8325622,,,,,
Malaysia,MYS,2006,,8781597,,,,,
Malaysia,MYS,2007,,9262544,,,,,
Malaysia,MYS,2008,,9769832,,,,,
Malaysia,MYS,2009,,10304902,,,,,
Malaysia,MYS,2010,,10869278,,,,,
Malaysia,MYS,2011,,11464562,,,,,
Malaysia,MYS,2012,,12602250,,,,,
Malaysia,MYS,2013,,12902760,,,,,
Malaysia,MYS,2014,,13114060,,,,,
Malaysia,MYS,2015,,13318020,,,,,
Malaysia,MYS,2016,,13509090,,,,,
Malaysia,MYS,2017,,13672250,,,,,
Malaysia,MYS,2018,,13686824,,,,,
Malaysia,MYS,2019,,13830015,,,,,
Malaysia,MYS,2020,,13836000,,,,,
Malaysia,MYS,2021,,13983000,,,,,
Maldives,MDV,2002,,66559,37517,,,,69585
Maldives,MDV,2003,,64911,43886,,,,31110
Maldives,MDV,2004,,75762,33078,,,,33715
Maldives,MDV,2005,,81409,38901,,,,32495
Maldives,MDV,2006,,80933,43648,,,,143409
Maldives,MDV,2007,,82101,40179,,,,146307
Maldives,MDV,2008,,92095,52791,,,,139860
Maldives,MDV,2009,,85258,47881,,,,146601
Maldives,MDV,2010,,82263,28591,,,,140217
Maldives,MDV,2011,,78591,55484,,,,131775
Maldives,MDV,2012,,93458,56059,,,,117264
Maldives,MDV,2013,,88523,127319,,,,351792
Maldives,MDV,2014,,211695,50120,,,,113714.99
Malta,MLT,2004,36,132387,2810774,10206,0,168,
Malta,MLT,2006,7,130208,2492522,9860,0,0,
Malta,MLT,2008,2667,145817,1698659,17231,0,0,
Malta,MLT,2010,2888,149564,988070,9078,109,56569,
Malta,MLT,2012,2709,149267,1044088,24702,1741,40708,
Malta,MLT,2014,3018,154478,1241079,24523,3914,44179,
Malta,MLT,2016,10565,165852,1334053,27068,2935,158527,
Malta,MLT,2018,12292,185302,1974801,26323,320,40428,
Malta,MLT,2020,11851,197539,3010732,30185,22,37944,
Marshall Islands,MHL,2007,520,20800,8000,0,0,0,
Martinique,MTQ,2001,,161600,,,,,
Martinique,MTQ,2014,,,,10000,10000,0,0
Martinique,MTQ,2015,,,,11000,1500,0,0
Martinique,MTQ,2016,,,,12000,2000,7000,0
Martinique,MTQ,2017,,,,11000,3000,0,
Martinique,MTQ,2018,,,,20000,2000,0,
Martinique,MTQ,2019,,,,4000,2000,0,
Mauritius,MUS,2006,3752,387751,1109,10675,,,3752
Mauritius,MUS,2007,3387,367581,502,15234,,,9171
Mauritius,MUS,2008,6867,382860,2070,13946,,,2750
Mauritius,MUS,2009,7209,401990,671,10596,,,7473
Mauritius,MUS,2010,6339,402816,2394,12521,,,3732
Mauritius,MUS,2011,5942,394897,5306,12097,,,1455
Mauritius,MUS,2012,6061,400652,5601,8283,,,2114
Mauritius,MUS,2013,5316,428115,6141,7377,,,2243
Mauritius,MUS,2014,5707,442819,2363,5399,,,2224
Mauritius,MUS,2015,6333,469974,1488,4980,,,3680
Mauritius,MUS,2016,7028,428032,2757,4547,,,2331
Mauritius,MUS,2017,7576,462431,2090,5588,,,4511
Mauritius,MUS,2000,,251300,6840,5860,,,1870
Mauritius,MUS,2001,,292900,3710,4270,,,5830
Mauritius,MUS,2002,,325010,6400,6430,,,7410
Mauritius,MUS,2003,,352900,7200,4420,,,6560
Mauritius,MUS,2004,,365500,6100,3100,,,6390
Mauritius,MUS,2005,,363800,3760,2340,,,12460
Mauritius,MUS,2018,,522200,5009,5062,,,
Mauritius,MUS,2019,,512910,9578,1552,,,
Mauritius,MUS,2020,,475940,16082,3680,,,
Mauritius,MUS,2021,,477790,7102,1809,,,
Mexico,MEX,2000,,23641000,,,,,
Mexico,MEX,2001,,24233000,,,,,
Mexico,MEX,2002,,24760000,,,,,
Mexico,MEX,2003,,25331000,,,,,
Mexico,MEX,2004,,26630000,,,,,
Mexico,MEX,2005,,27242000,,,,,
Mexico,MEX,2006,,27809000,,,,,
Mexico,MEX,2007,,28370800,,,,,
Mexico,MEX,2008,,28950000,,,,,
Mexico,MEX,2009,,29512100,,,,,
Mexico,MEX,2010,,30845240,,,,,
Mexico,MEX,2011,,31618130,,,,,
Mexico,MEX,2012,,32419118,,,,,
Moldova,MDA,2000,322300,,600,1153500,17200,217300,515500
Moldova,MDA,2001,313600,,1000,1146600,3700,228700,336900
Moldova,MDA,2002,327600,,1000,1468400,4600,412800,539000
Moldova,MDA,2003,175100,,37400,822200,4100,876100,621900
Moldova,MDA,2004,168100,,1100,1059700,50500,935600,927200
Moldova,MDA,2005,171100,,1400,1422300,4500,435900,960200
Moldova,MDA,2006,141300,,11000,1212000,4500,454500,598300
Moldova,MDA,2007,1124700,,5600,675300,4700,426800,604400
Moldova,MDA,2008,1214700,,11900,777400,4400,485800,911100
Moldova,MDA,2009,103900,,3900,419600,4400,1239700,716300
Moldova,MDA,2010,107700,,4300,520900,3900,397200,826200
Moldova,MDA,2011,185100,,2400,542600,3400,410900,700600
Moldova,MDA,2012,212100,,3100,536300,4800,355100,1318300
Moldova,MDA,2013,317100,,6000,639100,7800,214000,1316300
Moldova,MDA,2014,271500,,9300,706200,4800,222400,605500
Moldova,MDA,2015,566200,,7800,429700,2900,342000,2626900
Moldova,MDA,2016,179300,,4100,337700,2000,456000,604600
Moldova,MDA,2017,215600,,16700,363700,2300,384600,598400
Moldova,MDA,2018,186600,,43400,389100,6200,251400,681000
Moldova,MDA,2019,82500,,1900,391500,6100,177200,551700
Moldova,MDA,2020,6300,,6200,324000,6900,,71600
Moldova,MDA,2021,23600,,7300,282800,14000,,88100
Monaco,MCO,2000,0,38920,0,0,0,0,24980
Monaco,MCO,2001,0,39560,0,0,0,0,25950
Monaco,MCO,2002,0,40220,0,0,0,0,21450
Monaco,MCO,2003,0,40040,0,0,0,0,16450
Monaco,MCO,2004,0,39940,0,0,0,0,14530
Monaco,MCO,2005,0,39860,0,0,0,0,13910
Monaco,MCO,2006,0,39540,0,0,0,0,9840
Monaco,MCO,2007,0,41100,0,0,0,0,12480
Monaco,MCO,2008,0,40730,0,0,0,0,11437
Monaco,MCO,2009,0,36690,0,0,0,0,11740
Monaco,MCO,2010,0,32210,0,0,0,0,19942
Monaco,MCO,2011,0,41350,0,0,0,0,13293
Monaco,MCO,2012,0,43051,0,0,0,0,13297
Monaco,MCO,2013,0,30811,0,0,0,0,15564
Monaco,MCO,2014,0,30715,0,0,0,0,16790
Monaco,MCO,2015,0,30832,0,0,0,0,17516
Mongolia,MNG,2018,39101.2,1502895,178416.1,161135.6,153781.5,44665.1,355806.5
Mongolia,MNG,2019,41939,1611960,191365,172830.3,164942.4,47906.7,381629.8
Mongolia,MNG,2020,36022.5,1384548.1,164368.2,148448.4,141673.2,41148.3,327791.5
Mongolia,MNG,2021,36955.2,1520764.8,168624.5,152292.4,145341.8,42213.8,336279.5
Montenegro,MNE,2004,0,0,,,,,
Montenegro,MNE,2006,0,0,,,,,
Montenegro,MNE,2008,0,0,,,,,
Montenegro,MNE,2010,0,0,,,,,
Montenegro,MNE,2012,14144,208245,100665,20662,351425,204584,
Montenegro,MNE,2014,10712,230274,85498,30910,368592,262357,
Montenegro,MNE,2016,15409,246885,113892,28105,304382,323120,
Montenegro,MNE,2018,14749,254356,137862,43746,336817,335281,
Montenegro,MNE,2020,10987,230684,171539,31549,361844,316020,
Montenegro,MNE,2011,,,,60270,476640,1790,
Morocco,MAR,2000,,3980000,,974074,,,
Morocco,MAR,2003,,4152000,,,,,
Morocco,MAR,2004,,4709000,,,,,
Morocco,MAR,2013,,6850000,,1512619,,,
Morocco,MAR,2014,,7283895,30000000,,,,
Morocco,MAR,2015,,7433045,,,,,
Morocco,MAR,2008,,,,1575000,,,
Myanmar,MMR,2012,,189435,,,,,
Myanmar,MMR,2013,,285424.6,,,,,
Myanmar,MMR,2014,,302663.5,,,,,
Myanmar,MMR,2015,,327222,,,,,
Myanmar,MMR,2016,,316226.7,,,,,
Myanmar,MMR,2017,,324935.8,,,,,
Myanmar,MMR,2018,,387621.3,,,,,
Myanmar,MMR,2019,,419165.3,,,,,
Myanmar,MMR,2020,,340017.4,,1990,,,
Myanmar,MMR,2021,,362920.3,,1110,,,
Myanmar,MMR,2000,,,,104200,,1413390.6,
Myanmar,MMR,2001,,,,112100,,1442510,
Myanmar,MMR,2002,,,,117900,,1716521,
Myanmar,MMR,2003,,,,119400,,1997332,
Myanmar,MMR,2004,,,,146600,,1772564.9,
Myanmar,MMR,2005,,,,145600,,1524252,
Myanmar,MMR,2006,,,,142800,,424129,
Myanmar,MMR,2007,,,,138000,,373291,
Netherlands,NLD,2004,2392596,9455209,49619390,16078032,1600210,294882,
Netherlands,NLD,2006,2659520,9416499,56716250,15690050,1372320,216408,
Netherlands,NLD,2008,3468475,9434770,58886880,15817768,1430696,269042,
Netherlands,NLD,2010,4682517,9084649,78063890,14094074,1274922,184387,
Netherlands,NLD,2012,4618778,0,79166640,14111372,1342442,179140,
Netherlands,NLD,2014,4769683,0,90734850,13452298,1671432,131537,
Netherlands,NLD,2016,5085249,8549762,98551960,13827776,2048155,62231,
Netherlands,NLD,2018,4678699,8633590,101613170,13991033,1537499,68235,
Netherlands,NLD,2020,4896548,9284698,81866040,13241725,455228,71639,
Niger,NER,2001,,2588000,,,,,
Niger,NER,2002,,2673000,,,,,
Niger,NER,2003,,2762000,,,,,
Niger,NER,2004,,2853000,,,,,
Niger,NER,2005,,2947000,,,,,
Niger,NER,2018,,14510,,,,,
Niger,NER,2019,,14960,,,,,
Niger,NER,2017,,,,,352070,,
North Macedonia,MKD,2004,0,0,,,,,
North Macedonia,MKD,2006,0,0,,,,,
North Macedonia,MKD,2008,0,0,,1362466,,,
North Macedonia,MKD,2010,0,451382,0,1017008,4346,854854,
North Macedonia,MKD,2012,23,0,7,1303809,6443,802124,6370410
North Macedonia,MKD,2014,84366,0,9491,1485156,510073,74589,25470
North Macedonia,MKD,2016,40,0,87,722170,9,700548,
North Macedonia,MKD,2018,0,0,35617,531762,5449,161619,
North Macedonia,MKD,2020,121,0,56121,519484,7422,521259,
North Macedonia,MKD,2005,,,,,,17246000,2206273
Norway,NOR,2004,148558,1933939,1101407,2956380,40956,116222,
Norway,NOR,2006,172417,2199862,1252051,3605398,45285,125146,
Norway,NOR,2008,184332,2224522,1498376,3689060,46328,113389,
Norway,NOR,2010,195252,2228608,1542803,2687220,28265,365756,
Norway,NOR,2012,150003,2437776,1880544,2639157,88580,470295,
Norway,NOR,2014,192189,2426530,2572427,1683245,190658,333977,
Norway,NOR,2016,161946,2444305,3056136,1567319,213304,333720,
Norway,NOR,2018,174257,2418104,5653304,1809855,215530,169839,
Norway,NOR,2020,158562,2584831,6203343,1910481,219265,187331,
Palestine,PSE,2003,,860200,60900,401500,,,42040
Palestine,PSE,2004,,970050,101350,735490,,,180000
Palestine,PSE,2005,,982190,0,0,,,0
Palestine,PSE,2006,,1023900,64800,657500,,,261940
Palestine,PSE,2008,,1030140,45.6,384200,,,4380
Palestine,PSE,2009,,847240,4170,41300,,,48220
Palestine,PSE,2011,,785440,910,131340,,,72060
Palestine,PSE,2013,,736790,,,,,
Palestine,PSE,2015,,784177.5,,,,,
Palestine,PSE,2016,,806825.5,,,,,
Palestine,PSE,2017,,760000,,,,,
Palestine,PSE,2018,,845500,,,,,
Palestine,PSE,2019,,877800,,,,,
Palestine,PSE,2020,,912475,,,,,
Palestine,PSE,2021,,948575,,,,,
Panama,PAN,2000,,294701.28,,,,,
Panama,PAN,2001,,313014.88,,,,,
Panama,PAN,2002,,305973.53,,,,,
Panama,PAN,2003,,304919.94,,,,,
Panama,PAN,2004,,314663.25,,,,,
Panama,PAN,2005,,308207.84,,,,,
Panama,PAN,2006,,312635.8,,,,,
Panama,PAN,2007,,349794.8,,,,,
Panama,PAN,2008,,348020.28,,,,,
Panama,PAN,2009,,370212.72,,,,,
Panama,PAN,2010,,414160.62,,,,,
Panama,PAN,2011,,414772.2,,,,,
Panama,PAN,2012,,404867.88,,,,,
Panama,PAN,2013,,451611,,,,,
Panama,PAN,2014,,458005,,,,,
Panama,PAN,2015,,467749,,,,,
Panama,PAN,2016,,832601,,,,,
Panama,PAN,2017,,781658,,,,,
Panama,PAN,2018,,788485,,,,,
Panama,PAN,2019,,791875,,,,,
Peru,PER,2020,198205,5533582.5,673739.1,2424699.8,619960.1,1794857.9,734030.1
Peru,PER,2021,251168.6,5750049,148644,1131929.2,1608610.8,10827230,13942696
Peru,PER,2014,,4833465.5,,,,,
Peru,PER,2015,,4908958.5,,,,,
Peru,PER,2016,,4903903.5,,,,,
Peru,PER,2017,,4959951,,,,,
Peru,PER,2018,,5221708,,,,,
Peru,PER,2019,,5447333,,,,,
Poland,POL,2004,1522976,6768077,1677539,61514384,22069092,38297930,
Poland,POL,2006,1522976,6885997,14141031,61130524,22404356,38671256,
Poland,POL,2008,1350163,6879294,6929512,56745690,19541442,33665850,
Poland,POL,2010,603472,8889685,20818234,28617768,20290800,61547016,
Poland,POL,2012,884425,9324197,15367995,31134972,20706438,68035430,
Poland,POL,2014,492106,8240413,17010252,31431202,21892196,75736490,
Poland,POL,2016,534931,9534484,18890576,30072076,20512488,70667480,
Poland,POL,2018,431500,9567727,16950306,29791366,18811486,64323964,
Poland,POL,2020,281119,13229686,22051232,27327454,11212493,62338572,
Portugal,PRT,2004,694144,4582610,2625939,10126210,814655,4761297,
Portugal,PRT,2006,213722,4641103,3607449,10929056,464834,3563416,
Portugal,PRT,2008,74760,5466307,1364419,3574121,193390,182657,
Portugal,PRT,2010,68829,5440930,1287140,2742663,295642,264140,
Portugal,PRT,2012,63215,4731431,1087141,2596907,400753,238382,
Portugal,PRT,2014,50294,4710465,1185489,2523889,174543,921523,
Portugal,PRT,2016,55520,4897262,1710703,2546030,90213,408888,
Portugal,PRT,2018,62073,5213148,1397749,3018899,177867,26114,
Portugal,PRT,2020,94347,5278502,1780360,2950436,212674,24741,
Reunion,REU,2014,,,,3000,137000,0,26000
Reunion,REU,2015,,,,7000,139000,0,9000
Reunion,REU,2016,,,,8000,143000,0,17000
Reunion,REU,2017,,,,12000,142000,0,17000
Reunion,REU,2018,,,,14000,130000,0,14000
Reunion,REU,2019,,,,8000,139000,0,7000
Reunion,REU,2000,,,,,,,434000
Romania,ROU,2004,21019098,3638200,91397,11406245,325920,326606140,
Romania,ROU,2006,21019098,6368670,33740,9092700,102616500,199126800,
Romania,ROU,2008,19204236,6503356,318097,11064034,7058116,140677020,
Romania,ROU,2010,608062,5164479,734946,7696852,5887590,177404240,
Romania,ROU,2012,470756,4525388,1325341,6056617,9042997,223292740,
Romania,ROU,2014,559573,3823053,1048011,6744590,7091832,152783570,
Romania,ROU,2016,507712,4098427,320811,7793780,6864572,153917820,
Romania,ROU,2018,584619,4178208,647151,7847884,6822736,178606900,
Romania,ROU,2020,720130,4256889,1220334,6572804,4341837,119156620,
Russia,RUS,2004,15154000,,15807000,252561000,65479000,2186660000,56459000
Russia,RUS,2005,14338000,,16999000,309933000,71176000,2506223000,116840000
Russia,RUS,2006,17532000,,17801000,284007000,73541000,2923490000,203056000
Russia,RUS,2007,26654000,,62844000,243863000,70799000,2785159000,709964000
Russia,RUS,2008,68030000,,15078000,280412000,68687000,3402381000,42353000
Russia,RUS,2009,77483000,,24715000,252068000,65315000,3066473000,18958000
Russia,RUS,2010,24072000,,11065000,280126000,67987000,3334591000,16904000
Russia,RUS,2011,27551000,,14085000,280240000,57958000,3818650000,104840000
Russia,RUS,2012,26195000,,14634000,291043000,28390000,4629346000,18329000
Russia,RUS,2013,40406000,,16710000,253682000,24075000,4701198000,116754000
Russia,RUS,2014,43134000,,17612000,243129000,28288000,4807328000,28857000
Russia,RUS,2015,45823000,,17061000,282903000,26377000,4652957000,35123000
Russia,RUS,2016,49242000,,21138000,549325000,20509000,4723844000,77256000
Russia,RUS,2017,41499000,,15127000,274812000,20548000,5786189000,82462000
Russia,RUS,2018,42774000,,36014000,243768000,20105000,6850485000,72908000
Russia,RUS,2019,47664000,,42001000,296443000,20185000,7257022000,87563000
Russia,RUS,2020,45156000,,31560000,430868000,17476000,6367336000,63321000
Russia,RUS,2021,50620000,,56979000,511005000,18696000,7690516000,120827000
Saint Kitts and Nevis,KNA,2007,2870,12210,20260,1990,,,12040
Saint Kitts and Nevis,KNA,2008,5560,11130,15010,4810,,,12360
Saint Kitts and Nevis,KNA,2009,4030,11560,15410,1800,,,13280
Saint Kitts and Nevis,KNA,2010,5320,11630,16050,1340,,,12840
Saint Kitts and Nevis,KNA,2011,4360,11270,12170,710,,,13440
Saint Kitts and Nevis,KNA,2012,5090,10110,9830,620,,,11830
Saint Kitts and Nevis,KNA,2013,3920,10500,12920,790,,,13080
Saint Kitts and Nevis,KNA,2014,3520,10270,19110,790,,,12290
Saint Kitts and Nevis,KNA,2015,4300,11230,19110,680,,,14740
Saint Vincent and the Grenadines,VCT,2002,,,1900,,,,
Samoa,WSM,2011,,970,,,,,
Samoa,WSM,2017,,27890,,,,,
Saudi Arabia,SAU,2018,11300000,,22270000,600000,,,
Serbia,SRB,2004,0,0,,,,,
Serbia,SRB,2006,0,0,,,,,
Serbia,SRB,2008,0,0,,1683000,5700000,15010000,
Serbia,SRB,2010,0,0,0,1135357,6020287,26460274,
Serbia,SRB,2012,0,0,363706,759822,5744350,47896360,238000
Serbia,SRB,2014,0,1637251,274769,868864,4477814,41504864,358000
Serbia,SRB,2016,101675,1589709,547473,1282966,5958748,38671284,
Serbia,SRB,2018,82473,1863029,550436,1505138,7495025,38625970,
Serbia,SRB,2020,89033,2063247,729118,1099711,7896311,45710304,
Serbia,SRB,2015,,1573000,260000,1261000,5982000,41367000,384000
Serbia,SRB,2013,,,328000,821000,6199000,50808000,212000
Serbia,SRB,2009,,,,1332000,6209000,21109000,
Serbia,SRB,2011,,,,1127000,6356000,41522000,
Singapore,SGP,2000,,,319000,,,,
Singapore,SGP,2001,,,351288,,,,
Singapore,SGP,2002,,,406600,,,,
Singapore,SGP,2003,,,422900,,,,
Singapore,SGP,2004,,,509000,,,,
Singapore,SGP,2005,,,492500,,,,
Singapore,SGP,2006,,,619000,,,,
Singapore,SGP,2007,,,778300,,,,
Singapore,SGP,2008,,,922000,,,,
Singapore,SGP,2009,,,1175800,,,,
Singapore,SGP,2010,,,921800,,,,
Singapore,SGP,2011,,,1203700,,,,
Singapore,SGP,2012,,,1291800,,,,
Singapore,SGP,2013,,,1695300,,,,
Singapore,SGP,2014,,,1269700,,,,
Singapore,SGP,2015,,,1411800,,,,
Singapore,SGP,2016,,,1595400,,,,
Singapore,SGP,2017,,,1609300,,,,
Singapore,SGP,2018,,,1624000,,,,
Singapore,SGP,2019,,,1440000,,,,
Singapore,SGP,2020,,,825000,,,,
Singapore,SGP,2021,,,1013000,,,,
Slovakia,SVK,2004,605600,1475121,1403965,3878305,1733155,210680,
Slovakia,SVK,2006,741965,1623306,916228,5527117,1577183,331864,
Slovakia,SVK,2008,788788,1772426,1301760,4469017,1150662,150860,
Slovakia,SVK,2010,525604,1719012,1786430,2668787,877646,165584,
Slovakia,SVK,2012,549391,1656571,806184,2516482,1045757,310580,
Slovakia,SVK,2014,574396,1732983,1386685,2613258,544004,289110,
Slovakia,SVK,2016,788559,1889523,967275,3445801,957776,316625,
Slovakia,SVK,2018,529786,2254089,541876,3413878,975473,274660,
Slovakia,SVK,2020,562354,2361111,1150022,3067348,696660,205866,
Slovenia,SVN,2004,76497,660980,907963,1960074,1545745,128702,
Slovenia,SVN,2006,214335,1088875,994886,2385279,498570,376930,
Slovenia,SVN,2008,132159,714165,1376225,1734777,353639,54519,
Slovenia,SVN,2010,141285,727708,1509476,1514112,1388080,11797,
Slovenia,SVN,2012,164761,641449,535154,1344999,1069074,14448,
Slovenia,SVN,2014,102716,562375,815010,1314785,633319,7675,
Slovenia,SVN,2016,63248,642022,543690,1429641,784343,12786,
Slovenia,SVN,2018,61665,643342,669341,1660751,966444,14674,
Slovenia,SVN,2020,55730,630062,473118,1343439,911609,8827,
South Africa,ZAF,2011,3023600,8062900,4725500,,,369000,
South Africa,ZAF,2004,,202930,,,,,
South Africa,ZAF,2005,,974630,,,,,
South Africa,ZAF,2006,,1364080,,,,,
South Africa,ZAF,2007,,1371819.9,,,,,
South Africa,ZAF,2017,,4821000,4483000,,,,
South Korea,KOR,2010,151700,14936000,66214744,34501964,8916460,44402,4821
South Korea,KOR,2011,148.9,14944000,68573110,36532760,8088068,128358,2888
South Korea,KOR,2012,278600,15200000,68716720,39498764,7835513,87950,3071
South Korea,KOR,2013,431600,14798000,67659260,38696940,9849794,65954,3371
South Korea,KOR,2014,434400,15460000,68178850,37937470,10842485,334355,2958
South Korea,KOR,2015,243700,15845000,73040740,37012676,11260854,436979,3852
South Korea,KOR,2016,154900,16593000,73539500,39179450,11504998,184163,4104
South Korea,KOR,2017,175600,16428249,72509970,39526560,11011612,626063,3256
South Korea,KOR,2018,175600,17063496,77151656,39501536,11662692,729302,4200
South Korea,KOR,2019,650032,16757920,82645080,47995268,10881535,606642,
South Korea,KOR,2020,171007,17303386,88101860,54203932,10429298,1146695,
South Korea,KOR,2000,,14375000,28753604,39809456,,,
South Korea,KOR,2002,,15616000,43851000,39233850,,,
South Korea,KOR,2004,,15175000,54198000,38331000,,,
South Korea,KOR,2005,,14807000,49241000,43452000,,,
South Korea,KOR,2006,,14944000,61680000,39611000,,,
South Korea,KOR,2007,,15538000,62782000,44125000,,,
South Korea,KOR,2008,,15428000,64404000,49874000,,600,1335
South Korea,KOR,2009,,15361000,66946000,46748000,,100,1646
South Korea,KOR,2001,,,39609800,37826000,,,
South Korea,KOR,2003,,,53078300,39008216,,,
Spain,ESP,2004,17986084,24409990,46319660,28377050,5897332,21779548,
Spain,ESP,2006,15152405,24078308,47323390,22427334,7229469,26014628,
Spain,ESP,2008,11355660,24431320,44926464,19368660,4872159,25716298,
Spain,ESP,2010,5816630,23198184,37946524,16479926,2339062,31732304,
Spain,ESP,2012,5496458,21224354,26129152,14594016,5772474,22509144,
Spain,ESP,2014,5817439,20159648,20418072,14813850,5271536,18640872,
Spain,ESP,2016,6271464,21689436,35827924,14269033,3874067,20299472,
Spain,ESP,2018,6258251,22699262,38075988,13709387,3283472,23594440,
Spain,ESP,2020,6330651,22509336,32542572,13150017,842775,2457752,
Sudan,SDN,2005,,602250,,,,,
Sudan,SDN,2007,,731830,,,,,
Sudan,SDN,2008,,821250,,,,,
Sudan,SDN,2009,,912500,,,,,
Sudan,SDN,2010,,985500,,,,,
Suriname,SUR,2008,7110,33100,,30440,,,5280
Suriname,SUR,2009,12180,30470,,29460,,,4530
Suriname,SUR,2010,14670,36130,,26490,,,4950
Suriname,SUR,2011,14490,41130,,24210,,,4130
Suriname,SUR,2012,11910,37930,,23730,,,3640
Suriname,SUR,2013,8420,179340,,21510,,,4100
Suriname,SUR,2014,7720,157530,,23429.5,,,8270
Suriname,SUR,2015,6020,176580,,13920,,,8440
Suriname,SUR,2016,7020,177660,,12430,,,5720
Suriname,SUR,2017,4300,178850,,7670,,,3680
Suriname,SUR,2018,2370,179310,,7500,,,2120
Suriname,SUR,2019,610,183040,,11570,,,1160
Suriname,SUR,2020,2620,197860,,30370,,,7310
Suriname,SUR,2021,5480,178060,,28590,,,8250
Sweden,SWE,2004,314317,4079432,10271183,12633970,1103741,58599640,
Sweden,SWE,2006,314317,4340669,8943363,12750526,1318464,62084292,
Sweden,SWE,2008,314314,4393002,3310326,11926805,1508043,58701930,
Sweden,SWE,2010,308946,4038272,9381226,7822631,1478523,89026210,
Sweden,SWE,2012,273071,4193105,7655935,6157952,1851739,129480920,
Sweden,SWE,2014,655374,4172574,8866720,5725885,1895399,138898180,
Sweden,SWE,2016,804382,4410872,9810987,5800174,1861618,109720080,
Sweden,SWE,2018,962141,4505131,12383239,5173441,1903498,103554350,
Sweden,SWE,2020,1045928,4645784,14163489,4701654,1838207,116130580,
Switzerland,CHE,2011,0,,,,,,
Syria,SYR,2003,,4100000,,,,,
Tanzania,TZA,2004,32440,325600,53700,45000,,,6500
Tanzania,TZA,2005,31440,333300,53800,45000,,,6500
Tanzania,TZA,2006,30820,341600,54000,45000,,,6900
Tanzania,TZA,2007,30420,348720,55000,45000,,,7400
Tanzania,TZA,2008,26040,356300,56000,45000,,,7800
Tanzania,TZA,2009,32550,333300,58000,45000,,,7500
Tanzania,TZA,2010,37560,341600,70800,64500,,,7400
Tanzania,TZA,2011,33750,348720,69000,64500,,,9000
Tanzania,TZA,2012,31740,356300,69800,71036,,,8000
Tanzania,TZA,2013,34540,363800,70800,71800,,,7000
Tanzania,TZA,2014,35840,415300,87000,72530,,,7020
Tanzania,TZA,2015,41740,417800,121600,8030,,2600,18000
Tanzania,TZA,2017,167000,653000,98000,49000,,,48000
Tanzania,TZA,2018,173000,677000,96000,51000,,,49000
Tanzania,TZA,2019,179000,702000,97000,53000,,,50000
Tanzania,TZA,2020,185000,726000,99000,54000,,,49000
Thailand,THA,2008,,23930000,,,,,
Thailand,THA,2009,,24110000,,,,,
Thailand,THA,2010,,24220000,,,,,
Thailand,THA,2011,,25350000,,,,,
Thailand,THA,2012,,24730000,,,,,
Thailand,THA,2013,,26770000,,,,,
Thailand,THA,2014,,26190000,,,,,
Thailand,THA,2015,,26850000,,,,,
Thailand,THA,2016,,27070000,,,,,
Thailand,THA,2017,,27370000,,,,,
Thailand,THA,2018,,27933000,,,,,
Thailand,THA,2019,,28712000,,,,,
Thailand,THA,2020,,25370000,,,,,
Thailand,THA,2021,,24980000,,,,,
Togo,TGO,2006,,246000,,,,,
Togo,TGO,2007,,250000,,,,,
Togo,TGO,2008,,255000,,,,,
Togo,TGO,2009,,259000,,,,,
Togo,TGO,2010,,264000,,,,,
Togo,TGO,2011,,269000,,,,,
Togo,TGO,2012,,274000,,,,,
Trinidad and Tobago,TTO,2000,,1158000,,,,,
Trinidad and Tobago,TTO,2001,,1038000,,,,,
Trinidad and Tobago,TTO,2002,,1164000,,,,,
Trinidad and Tobago,TTO,2003,,1332000,,,,,
Trinidad and Tobago,TTO,2004,,1448000,,,,,
Trinidad and Tobago,TTO,2005,,1548000,,,,,
Trinidad and Tobago,TTO,2006,,1537000,,,,,
Trinidad and Tobago,TTO,2007,,1629000,,,,,
Tunisia,TUN,2000,55000,1512000,,7200000,11900,,
Tunisia,TUN,2001,,1529000,,7500000,12500,,
Tunisia,TUN,2002,,1546000,,7820000,,,
Tunisia,TUN,2003,,1554000,,7500000,,,
Tunisia,TUN,2004,,1701000,2000000,,,,
Tunisia,TUN,2007,,2200000,,,,,
Tunisia,TUN,2012,,2400000,,,,,
Turkey,TUR,2004,0,29224710,,16324633,13209467,,
Turkey,TUR,2006,0,30081820,,0,16009808,,
Turkey,TUR,2008,0,28454024,0,10735474,25525058,0,
Turkey,TUR,2010,0,29587464,,,18577832,3909086,
Turkey,TUR,2011,0,,,,,,
Turkey,TUR,2012,0,30785436,,,18423742,4744868,
Turkey,TUR,2014,0,25133904,0,14342364,24014436,3114475,
Turkey,TUR,2016,0,28097948,0,13284658,19341728,8530862,
Turkey,TUR,2018,0,28099214,0,,25403120,17381572,
Turkey,TUR,2020,0,28489632,0,20650916,24284412,27576590,
Ukraine,UKR,2000,1251300,,19100,,10066100,,1025699.94
Ukraine,UKR,2001,1594000,,58000,,9106600,,1658600
Ukraine,UKR,2002,2081800,,40900,51408600,7952900,130080000,11987700
Ukraine,UKR,2003,1929800,,51500,49373000,8592100,130058200,4216800
Ukraine,UKR,2004,2494400,,206300,53953600,7803500,146164000,4009500
Ukraine,UKR,2005,2593000,,198700,54800800,8104700,161817600,3674700
Ukraine,UKR,2006,3226000,,154200,59916000,14520600,206765900,4162900
Ukraine,UKR,2007,3150500,,332700,63247300,8753500,274367400,4851600
Ukraine,UKR,2008,3179700,,231300,49791100,8942700,211781900,4325800
Ukraine,UKR,2009,2761400,,203000,39700700,7782100,191071090,4863400
Ukraine,UKR,2010,8568200,6722400,329400,50011700,8641000,347688100,3110600
Ukraine,UKR,2011,12438200,5176800,679300,51731200,9901200,357944000,9383100
Ukraine,UKR,2012,10238700,7969400,610300,51743300,9812000,365005400,4889700
Ukraine,UKR,2013,10311800,9026200,738000,42469900,9346400,373073600,2809500
Ukraine,UKR,2014,8451400,6314300,306300,34796700,5972700,297290080,1774800
Ukraine,UKR,2015,8736800,6053300,376200,31000500,6597500,257861900,1461400
Ukraine,UKR,2016,8715500,6346500,300200,34093000,7511500,237461400,1305800
Ukraine,UKR,2017,6188200,5858000,493800,32176700,6191700,313738180,1297200
Ukraine,UKR,2018,5968100,5543500,378800,31523200,6322700,301448900,1076200
Ukraine,UKR,2019,6750500,5896700,188700,30751800,5959200,390563800,1295300
United Arab Emirates,ARE,2011,,,15588569,,,,
United Arab Emirates,ARE,2012,,,17297794,,,,
United Arab Emirates,ARE,2013,,,17011670,,,,
United Arab Emirates,ARE,2014,,,14171562,,,,
United Arab Emirates,ARE,2015,,,16917972,,,,
United Arab Emirates,ARE,2016,,,22817566,,,,
United Arab Emirates,ARE,2017,,,25837518,,,,
United Arab Emirates,ARE,2018,,,21527516,,,,
United Arab Emirates,ARE,2019,,,20263324,,,,
United Arab Emirates,ARE,2020,,,42871492,,,,
United Kingdom,GBR,2004,719198,31007480,99234130,35056300,6915342,35137940,
United Kingdom,GBR,2006,666485,32466328,109545980,28161268,6872788,31782794,
United Kingdom,GBR,2008,681314,31539338,100999496,22837156,4884533,34057624,
United Kingdom,GBR,2010,464297,27393710,118910600,10963235,3025707,17671910,
United Kingdom,GBR,2012,610133,26416270,114120790,11520852,4667205,16833964,
United Kingdom,GBR,2014,612429,26797104,130284140,10455270,2769687,17285028,
United Kingdom,GBR,2016,576195,27300580,136196500,11166531,1162939,14404495,
United Kingdom,GBR,2018,616865,26410926,137798240,11218916,687236,14776902,
United Kingdom,GBR,2020,0,0,,,,,
United States,USA,2000,,132512000,,,,,
United States,USA,2001,,131070000,,,,,
United States,USA,2002,,133536000,,,,,
United States,USA,2003,,134129000,,,,,
United States,USA,2004,,138320000,,,,,
United States,USA,2005,,138108000,,,,,
United States,USA,2006,,139942000,,,,,
United States,USA,2007,,139616000,,,,,
United States,USA,2008,,137520000,,,,,
United States,USA,2009,,133313000,,,,,
United States,USA,2010,,136649000,,,,,
Uruguay,URY,2000,,,,725000,3600,,88000
Uzbekistan,UZB,2013,,,,1685492.4,,283446.8,
Uzbekistan,UZB,2014,,,,1778802.9,,253960.9,
Uzbekistan,UZB,2015,,,,1659227.1,,19806.7,
Uzbekistan,UZB,2016,,,,1585317.2,,106659.5,
Uzbekistan,UZB,2017,,,,1723430.8,,79241,
Uzbekistan,UZB,2018,,,,1626743,,154567.5,
Uzbekistan,UZB,2019,,,,1690054.2,,66393,
Uzbekistan,UZB,2020,,,,1916246,,96752.8,
Uzbekistan,UZB,2021,,,,1734848.6,,122076.6,
Venezuela,VEN,2010,,16580,,6630,,,6630
Venezuela,VEN,2011,,16580,,6850,,,6850
Venezuela,VEN,2012,,17480,,6990,,,6990
Venezuela,VEN,2013,,16890,,6750,,,6750
Venezuela,VEN,2014,,16480,,6590,,,6590
Yemen,YEM,2000,,1267000,,,,,
Yemen,YEM,2001,,822000,,,,,
Yemen,YEM,2002,,1310000,,,,,
Yemen,YEM,2003,,1105000,,,,,
Yemen,YEM,2004,,1167000,,,,,
Yemen,YEM,2005,,1273000,,,,,
Yemen,YEM,2006,,1382000,,,,,
Yemen,YEM,2007,,1447000,,,,,
Yemen,YEM,2008,,3422000,,,,,
Yemen,YEM,2009,,3525000,,,,,
Yemen,YEM,2010,,3631000,,,,,
Yemen,YEM,2011,,3683000,,,,,
Yemen,YEM,2012,,3837000,,,,,
Yemen,YEM,2013,,3952000,,,,,
Yemen,YEM,2021,,736326,,,,,
Zambia,ZMB,2000,,1215000,,,,,
Zambia,ZMB,2005,,1458000,,,,,
Zimbabwe,ZWE,2016,1960.9,483341.94,1167.23,98247.58,6000,23,192237.02
Zimbabwe,ZWE,2017,2588.71,407835.94,688.43,53993.82,6000,13.44,261658.11